"Plot_ID","LOC","NP","Coords","Elev","pH","Cov_bare_soil","Cov_bry_alive","Cov_bry_no_sph","Cov_sph_alive","Cov_vp","Cov_total","WTD_min","WTD_max","WTD_mean","CE","Veg_height_mean","Veg_volume_m3","Pertorb","Pluvio_June","Pluvio_July","Tmit_anual","Pluvio_anual","Tmit_June","Tmit_July","PET_junio","PET_julio","PET_anual","Clim_PCA1","Clim_PCA2","pv_groups","bry_groups","PV_N_sp","PV_Hill1","BRY_N_sp","BRY_Hill1"
"ABAI01","ABAI","A","42.68358709, 0.91761197",1445.819946,6.53,0,50,35,15,80,85,-3,3,0,75.8970027979893,20,16,0,107.5,76.7,6.7,1012.6,11.9,15.4,85.0694275,104.1870346,522.1068726,-0.32691,-0.82438,1,1,22,7.78277786331452,6,2.64611782835052
"ABAI02","ABAI","A","42.68354242, 0.91770986",1446.310059,5.84,0,66,66,0,100,100,-40,-40,-40,96.4955415200097,31.9,31.9,0,107.5,76.7,6.7,1012.6,11.9,15.4,85.0694275,104.1870346,522.1068726,-0.32691,-0.82438,2,2,23,10.4308178350038,1,1
"ABAI03","ABAI","A","42.68357865, 0.9178963",1446.890015,6.24,35,35,35,0,50,75,-40,-30,-35,160.799171461869,30,15,0,107.5,76.7,6.7,1012.6,11.9,15.4,85.0694275,104.1870346,522.1068726,-0.32691,-0.82438,1,1,17,7.5078222179931,4,2.72047051030039
"ABAI04","ABAI","A","42.68363135, 0.91826897",1446.839966,6.13,0,88,88,0,100,100,-3,3,0,113.741282725786,39.8,39.8,0,107.5,76.7,6.7,1006.3,11.9,15.4,85.0694275,104.1870346,522.1068726,-0.32283,-0.81266,2,3,27,11.8504301679722,3,2.19089441408151
"ABAI05","ABAI","A","42.68365701, 0.91815488",1446.869995,6.14,0,96,2,94,95,100,-23,-23,-23,58.7471718499338,20,19,0,107.5,76.7,6.7,1006.3,11.9,15.4,85.0694275,104.1870346,522.1068726,-0.32283,-0.81266,1,2,19,6.65629399677305,4,1.10305019256821
"ABAI06","ABAI","A","42.68381473, 0.91826903",1446.469971,6.29,0,93,93,0,100,100,-3,1,-1,204.821011376987,57.9,57.9,0,107.5,76.7,6.7,1006.3,11.9,15.4,85.0694275,104.1870346,522.1068726,-0.32283,-0.81266,2,2,19,9.1551249328666,2,1.03356200588778
"ABAI07","ABAI","A","42.68371723, 0.91824765",1446.880005,6.01,3,85,75,10,90,95,-3,3,0,47.6589442098864,4,3.6,0,107.5,76.7,6.7,1006.3,11.9,15.4,85.0694275,104.1870346,522.1068726,-0.32283,-0.81266,2,4,16,4.67521725530599,6,2.15384366876835
"ABAI08","ABAI","A","42.68411162, 0.91806415",1444.949951,6.19,6,78,78,0,94,94,-1,4,1.5,93.7746666740669,35,32.9,0,107.5,76.7,6.7,1006.3,11.9,15.4,85.0694275,104.1870346,522.1068726,-0.32283,-0.81266,2,2,18,6.75546313595855,3,1.07714492243054
"ABAI09","ABAI","A","42.684220766, 0.91795617",1444.709961,6.14,3,3,35,0,85,95,-2,0.5,-0.75,67.7471718499338,20,17,2,106.1,75.5,6.7,1012.6,12,15.4,85.0694275,104.1870346,522.1068726,-0.28143,-0.79714,1,3,16,6.31931496247883,3,2.62469033904626
"ABAI10","ABAI","A","42.68425353, 0.91798846",1444.780029,6.27,0,75,5,70,100,100,-3,-3,-3,85.8125759030668,42.8,42.8,0,106.1,75.5,6.7,1012.6,12,15.4,85.0694275,104.1870346,522.1068726,-0.28143,-0.79714,2,3,14,6.2360122328706,2,1.35293700284448
"ABAN01","ABAN","A","42.63785538, 0.92447626",1888.880005,4.93,3,90,0,90,70,97,-6,-6,-6,59.899607533261,4.8,3.36,0,112.7,80,4.8,1018.2,10.3,14.1,77.8070984,98.1116714,438.6080627,-2.15015,0.01006,1,2,6,2.39471181485145,2,1.12028089447465
"ABAN02","ABAN","A","42.63798171, 0.92509089",1888.969971,4.59,0,96,2,90,60,100,-50,-50,-50,95.0293187181367,19.85,11.91,1,112.7,80,4.8,995.8,10.3,14.1,78.5565338,99.9389801,453.1882019,-1.96024,-0.00638,3,2,10,3.96817856264741,5,1.49162637887643
"ABAN03","ABAN","A","42.63796086, 0.92483698",1888.880005,6.23,42,1,0,1,57,58,4,8,6,62.7944935642809,8.2,4.674,0,112.7,80,4.8,1018.2,10.3,14.1,77.8070984,98.1116714,438.6080627,-2.15015,0.01006,1,2,6,2.6145556487774,2,2
"ABAN04","ABAN","A","42.63830143, 0.92463047",1888.810059,4.77,0,98,1,97,55,100,-12,-12,-12,33.0731296529085,23.8,13.09,0,112.7,80,4.8,1018.2,10.3,14.1,77.8070984,98.1116714,438.6080627,-2.15015,0.01006,1,2,9,5.21997551224196,4,2.36349183481743
"ABAN05","ABAN","A","42.63862245, 0.92434688",1889.150024,6.16,7,1,0.5,0.5,93,93,-17,-17,-17,202.758550991149,15.35,14.2755,0,112.7,80,4.8,1018.2,10.3,14.1,77.8070984,98.1116714,438.6080627,-2.15015,0.01006,3,2,15,6.77275649967467,2,2
"ABAN06","ABAN","A","42.6389571, 0.92389522",1890.339966,6.4,3,90,0.5,88,45,95,-45,-17,-31,135.861060597477,35.7,16.065,0,112.1,77.7,4.8,1018.2,10.2,14.1,77.8070984,98.1116714,438.6080627,-2.13327,0.06403,3,2,10,3.30150522058884,2,1.03356200588778
"ABAN07","ABAN","A","42.63897378, 0.92358135",1891.02002,6.36,5,75,1,75,92,95,-16,-16,-16,135.847655974548,8.5,7.82,2,119.9,80.7,4.5,1018.2,10,13.9,77.8070984,98.1116714,438.6080627,-2.36384,-0.00598,1,2,18,7.47498377076007,3,1.28451100490292
"ABAN08","ABAN","A","42.6388477, 0.92389641",1890.189941,6.42,1,80,80,0,80,95,-8,-8,-8,90.8673139006841,38.8,31.04,0,112.7,80,4.8,1018.2,10.3,14.1,77.8070984,98.1116714,438.6080627,-2.15015,0.01006,1,1,9,2.67625902940297,2,1.39592909584038
"ABAN09","ABAN","A","42.63938565, 0.92422023",1892.030029,5.4443,4,0,0,0,96,96,-50,-50,-50,136.995341806894,20.6,19.776,0,112.1,77.7,4.8,1039.7,10.2,14.1,77.8070984,98.1116714,438.6080627,-2.14721,0.02402,3,2,9,4.3073029393634,2,1.25071836227823
"ABAN10","ABAN","A","42.63897378, 0.923581136",1891.02002,6,1,85,85,0,90,99,-11,-11,-11,122.651,29.4,26.46,0,119.9,80.7,4.5,1018.2,10,13.9,77.8070984,98.1116714,438.6080627,-2.36384,-0.00598,1,3,10,4.24785296562032,5,1.46430368294478
"ACOL01","ACOL","A","42.60246192, 0.90343447",2376.919922,6.17,2,98,98,0,40,98,-2,2,0,118.764047041588,3.75,1.5,1,115.7,83.9,2.5,1057.3,8.3,12.8,70.2155457,96.5597839,375.8406067,-3.83996,0.89424,3,1,8,3.17995463711104,4,1.48179533172203
"ACOL02","ACOL","A","42.6023698, 0.90271562",2375.169922,5.5,1,35,34,1,98,98,-3,-3,-3,68.8963650966012,6.6,6.468,1,115.7,83.9,2.5,1037.3,8.3,12.8,70.2155457,96.5597839,375.8406067,-3.82699,0.93145,4,4,8,3.05534183915463,7,7
"ACOL03","ACOL","A","42.60229058, 0.9059798",2391.570068,5.86,2,70,65,20,97,98,-2,0,-1,473.518245891654,4.7,4.559,2,117.6,85.6,2.5,1051,8.3,12.8,70.2155457,96.5597839,375.8406067,-3.87633,0.85652,4,4,6,3.05032872989115,4,2.11340789492616
"ACOL04","ACOL","A","42.60254535, 0.90488611",2386.699951,4.88,2,98,3,95,94,98,-2,-2,-2,273.399283982438,6.4,6.016,2,117.6,85.6,2.5,1057.3,8.3,12.8,70.2155457,96.5597839,375.8406067,-3.88042,0.8448,4,2,8,2.59338573367554,5,1.33804530141631
"ACOL05","ACOL","A","42.60230422, 0.90389543",2377.540039,5.23,0,96,1,95,65,98,-40,-30,-35,91.944935642809,8.45,5.4925,1,115.7,83.9,2.5,1057.3,8.3,12.8,70.2155457,96.5597839,375.8406067,-3.83996,0.89424,5,2,13,3.77542733354167,5,1.13899460755973
"ACOL06","ACOL","A","42.60219304, 0.90194419",2373.290039,5.94,20,10,10,0,70,75,-5,-5,-5,65.5992943860976,5.05,3.535,1,115.7,83.9,2.5,1037.3,8.3,12.8,70.2155457,96.5597839,375.8406067,-3.82699,0.93145,3,4,7,1.93454472349973,5,4.01357029062398
"ACOL07","ACOL","A","42.60203995, 0.90151208",2372.02002,6.7,1,85,85,0,94,99,-0.5,-0.5,-0.5,67.9303653452076,2.4,2.256,1,113.9,82,2.5,1037.3,8.3,12.8,70.2155457,96.5597839,375.8406067,-3.78532,0.98321,2,4,4,1.82436884219537,2,1.12028089447465
"ACOL08","ACOL","A","42.60185642, 0.8999808",2370.62,5.43,20,75,50,25,75,80,-5,-5,-5,73.7033420504509,4.44444444444444,3.33333333333333,2,113.4,83.7,2.7,986.2,8.6,13,72.6512604,96.3964691,387.7473755,-3.49112,0.85328,5,4,6,1.86076894045021,7,1.57716729966924
"ACOL09","ACOL","A","42.60193522, 0.89928438",2370.060059,5.25,5,0,0,0,95,95,-2,0,-1,85.0374287750857,19.9,18.905,2,112.1,81.9,2.8,986.2,8.7,13,72.6512604,96.3964691,387.7473755,-3.42501,0.87376,6,0,2,2,0,0
"ACOL10","ACOL","A","42.60181493, 0.89875193",2369.810059,4.37,0,98,1,98,100,100,-40,-35,-37.5,51.1123747938244,9.77777777777778,9.77777777777778,1,112.1,81.9,2.8,986.2,8.7,13,72.6512604,96.3964691,387.7473755,-3.42501,0.87376,5,2,11,4.8496832402854,3,1.06790902149624
"AERT01","AERT","A","42.45945701, 0.87418428",2433.73,6.9706,0,100,0,0,50,100,0,0,0,256.462655605091,5,2.5,3,121.7,76.2,2.9,1197.6,9,13.7,71.3472061,96.3880768,379.2235413,-3.52011,0.51527,6,1,4,1.69536964972613,3,1.77393127282736
"AERT02","AERT","A","42.45913113, 0.87425454",2426.2,7.61,0,96,0,0,33,96,-4,-4,-4,243.991433065884,5,1.65,5,121.7,76.2,2.9,1197.6,9,13.7,71.3472061,96.3880768,379.2235413,-3.52011,0.51527,6,1,15,9.06773346363755,2,1.03356200588778
"AERT03","AERT","A","42.4579364, 0.8723332",2386.59,7.28,0,90,0,0,95,95,-3,0,-1.5,412.981684219637,6.1,5.795,4,121.4,77,3,1203.6,9.2,13.8,72.3602066,96.7013245,387.5831299,-3.36762,0.39335,5,1,7,1.52163644469084,2,1.03356200588778
"AERT04","AERT","A","42.4578396, 0.87417664",2426.2,7.56,0,66,0,0,97,97,-1,0,-0.5,297.990387741825,10,9.7,5,124,78.1,2.9,1203.6,9,13.7,72.3602066,96.7013245,387.5831299,-3.47296,0.37947,6,1,8,3.62324258029549,1,1
"AERT05","AERT","A","42.45698496, 0.87170112",2381.07,6.103,0,100,0,0,95,100,-25,-25,-25,303.224687818951,1.9,1.805,3,122,77.6,3.1,1201.2,9.2,13.8,72.3602066,96.7013245,387.5831299,-3.3648,0.36521,5,1,10,3.13854113227296,3,1.14245088629125
"AERT06","AERT","A","42.45782087, 0.87408941",2425.59,6.791,0,100,0,0,60,100,-10,-10,-10,217.943529006686,1.20833333333333,0.725,4,124,78.1,2.9,1203.6,9,13.7,72.3602066,96.7013245,387.5831299,-3.47296,0.37947,6,1,12,6.92553027177251,3,1.16127212696109
"AERT07","AERT","A","42.4568423, 0.8719877",2382.07,7.31,0,100,0,0,75,100,-25,-25,-25,354.982906719204,1.5,1.125,4,122,77.6,3.1,1201.2,9.2,13.8,72.3602066,96.7013245,387.5831299,-3.3648,0.36521,6,1,8,4.46072237261228,1,1
"AERT08","AERT","A","42.45687984, 0.87171347",2380.3,7,0,27,0,0,100,100,-8,-2,-5,316.9651,6,6,4,122,77.6,3.1,1201.2,9.2,13.8,72.3602066,96.7013245,387.5831299,-3.3648,0.36521,5,1,5,1.76572361850662,1,1
"AERT09","AERT","A","42.45688458, 0.871166273",2380.81,7.02,0,95,0,0,95,95,-1,0,-0.5,268.966670758748,7,6.65,4,122,77.6,3.1,1201.2,9.2,13.8,72.3602066,96.7013245,387.5831299,-3.3648,0.36521,5,1,6,2.25943867844924,2,1.10656964204599
"AERT10","AERT","A","42.4568482, 0.87144962",2425.59,6.1752,0,100,0,0,100,100,-30,-30,-30,303.266855364567,5,5,4,122,77.6,3.1,1201.2,9.2,13.8,72.3602066,96.7013245,387.5831299,-3.3648,0.36521,5,1,8,3.44183884519642,1,1
"AEST01","AEST","A","42.607143, 1.058162",1935.44,4.76,0,100,0,100,50,100,-50,-50,-50,261.935075107665,10.6,5.3,0,101.8,71.2,5.1,1021.6,10.7,14.7,75.112915,98.2658234,412.2694397,-1.95672,0.39996,3,2,6,3.53641141413802,1,1
"AEST02","AEST","A","42.606876, 1.05777",1937.33,7.35,7,7,7,0,92,93,-1,3,1,207.984410742634,5.4,4.968,0,110.2,77.8,4.8,1021.6,10.5,14.4,75.112915,98.2658234,412.2694397,-2.25234,0.26246,2,2,5,2.13181756941816,2,2
"AEST03","AEST","A","42.607096, 1.05798",1935.87,6.8,0,92,92,0,99,100,-16,-16,-16,204.944687227583,11.95,11.8305,0,110.2,77.8,4.8,1021.6,10.5,14.4,75.112915,98.2658234,412.2694397,-2.25234,0.26246,1,2,22,9.34052167250673,3,1.16127212696109
"AEST04","AEST","A","42.606963, 1.058143",1935.07,7.88,25,74,74,0,40,75,-1,1,0,249.995399283982,3.4,1.36,0,101.8,71.2,5.1,1021.6,10.7,14.7,75.112915,98.2658234,412.2694397,-1.95672,0.39996,6,1,10,5.73940536001718,3,1.97933700512351
"AEST05","AEST","A","42.60731, 1.058851",1934.69,6.44,4,60,60,0,96,96,-40,-40,-40,210.873285758885,5.45,5.232,5,94.4,67.1,5.1,1021.6,10.7,14.7,78.6108246,99.3876801,452.1552734,-1.44223,0.27262,3,1,18,5.86492664440179,3,2.14846668848443
"AEST06","AEST","A","42.61058747, 1.05637383",1972.62,7.04,2,88,88,0,96,98,-7,-7,-7,394.968170821706,10.3,9.888,5,99.7,71.2,4.9,951.9,10.6,14.5,77.5242691,98.4336624,440.3751526,-1.72522,0.39002,1,2,14,5.00421417073221,3,1.24904719698369
"AEST07","AEST","A","42.609226, 1.055615",1969.21,6.65,0,30,30,0,100,100,-30,-30,-30,145.921868632264,4,4,4,109.4,77.1,4.6,888.1,10.3,14.3,77.5242691,98.4336624,440.3751526,-1.98504,0.3771,2,2,18,8.19897925885495,2,1.25687926337509
"AEST08","AEST","A","42.608801, 1.058848",1956.83,6.4,25,70,70,0,55,75,-34,-34,-34,1021.86106059748,2.5,1.375,5,94.4,67.1,5.1,1008,10.7,14.7,79.8275375,100.5309296,463.6178589,-1.27684,0.22348,1,2,13,4.25797201631961,3,1.28451100490292
"AEST09","AEST","A","42.60992279, 1.05749858",1965.05,6.74,3,35,35,0,93,97,-8,-8,-8,457.936492440034,5.15,4.7895,5,99.7,71.2,4.9,963,10.6,14.5,77.5242691,98.4336624,440.3751526,-1.73242,0.36936,1,2,11,3.70255156885552,2,1.66101682865423
"AEST10","AEST","A","42.60974697, 1.05704702",1966.16,5.92,5,85,85,0,65,95,-6,-6,-6,177.580409712319,6.9,4.485,5,99.7,71.2,4.9,951.9,10.6,14.5,77.5242691,98.4336624,440.3751526,-1.72522,0.39002,1,1,10,5.28899445355583,2,1.39592909584038
"AMOL01","AMOL","A","42.62892056, 0.75672671",1617.89,6.82,40,15,15,0,55,60,-2.5,1,-0.75,118.94717671243,3.9,2.145,0,104.3,76.8,6.4,1219,12.1,16,82.1848679,101.061203,489.6184082,-0.74852,-0.9554,1,2,8,3.11817356320316,2,2
"AMOL02","AMOL","A","42.62879538, 0.75652699",1615.82,6.22,0,95,95,0,95,100,-2,-2,-2,88.78970670446,11.7,11.115,0,104.3,76.8,6.4,1219,12.1,16,82.1848679,101.061203,489.6184082,-0.74852,-0.9554,1,1,19,4.0941531823129,2,1.10656964204599
"AMOL03","AMOL","A","42.62935283, 0.75449187",1620.2,5.29,0,85,0,85,80,100,-18,-18,-18,67.2101137698701,10.1,8.08,0,108.9,80.6,6.4,1261.7,12.1,16,82.1848679,101.061203,489.6184082,-0.87051,-1.14914,3,2,19,6.12080271984914,1,1
"AMOL04","AMOL","A","42.62947908, 0.75521854",1623.66,5.7239273,0,0,0,0,100,100,-20,-20,-20,120.340980709929,27,27,0,104.3,76.8,6.4,1261.7,12.1,16,82.1848679,101.061203,489.6184082,-0.77622,-1.03484,3,0,18,3.96657951700082,0,0
"AMOL05","AMOL","A","42.63046312, 0.7510573",1638.21,5.44,0,2,2,0,90,90,-15,-15,-15,63.7328575888523,19.7,17.73,0,106.6,75.3,6.3,1205.6,12,15.9,82.1848679,101.061203,489.6184082,-0.79552,-0.90506,3,3,9,2.49769231013094,1,1
"AMOL06","AMOL","A","42.62820866, 0.76052677",1609.51,6.47,0,5,0,5,80,100,-17,-17,-17,118.881743389507,35.9,28.72,2,103,76.3,6.5,1150.2,12.2,16.1,80.3512344,101.061554,480.4117126,-0.7651,-0.72206,3,2,22,6.37820291475938,1,1
"AMOL07","AMOL","A","42.62929105, 0.7546341",1619.5,6.72,40,25,25,0,60,57,-7,0,-3.5,129.933499420943,4.5,2.7,0,108.9,80.6,6.4,1261.7,12.1,16,82.1848679,101.061203,489.6184082,-0.87051,-1.14914,1,1,13,5.70256589393862,3,2.73556085952051
"AMOL08","AMOL","A","42.62840309, 0.75670957",1614.99,5.95,0,5,5,0,100,100,-5,-5,-5,91.6084155594486,19.6,19.6,0,104.3,76.8,6.4,1190.7,12.1,16,82.1848679,101.061203,489.6184082,-0.73017,-0.90274,1,2,18,7.24344679186135,3,2.3811015779523
"AMOL09","AMOL","A","42.628496, 0.758786",1619.97,6.42,1,75,45,40,96,99,-10,-5,-7.5,183.867313900684,14.8,14.208,1,105.6,75.4,6.4,1156.3,12.1,16,80.3512344,101.061554,480.4117126,-0.83497,-0.72146,3,1,18,5.69165528939888,5,4.63626484148426
"AMOL10","AMOL","A","42.628354, 0.756729",1619.97,4.876670967,2,40,NA,40,40,98,-45,-45,-45,166.454252627155,9,3.6,1,120.1,87.9,6.3,1190.7,12,16,82.1848679,101.061203,489.6184082,-1.06249,-1.23781,3,2,9,4.49323486966505,2,1.06354398175479
"AMON01","AMON","A","42.47821, 1.02721",2155.72,6.91,25,66,66,0,74,75,-4,1,-1.5,383.957063619899,9.7,7.178,6,123.6,74.8,4.4,1173,10.3,14.4,74.6712036,97.4182968,401.5950012,-2.6562,0.0144,2,1,14,5.27616773479743,5,1.57040709368306
"AMON02","AMON","A","42.47897, 1.02755",2190.62,7.59,5,93,93,0,95,95,-8,-4,-6,393.991029318718,4.5,4.275,6,129.1,77.9,4,1144.8,9.9,14,74.6712036,97.4182968,401.5950012,-2.92548,0.05311,1,2,22,8.6095660754307,3,3
"AMON03","AMON","A","42.47929, 1.02537",2213.19,7,10,20,20,0,90,90,-1,0,-0.5,444.9651,9.2,8.28,6,127.1,76.4,3.9,1182,9.8,13.9,74.6712036,97.4182968,401.5950012,-2.95826,0.05556,2,2,8,5.73974471264067,4,1.13466946699174
"AMON04","AMON","A","42.47787, 1.02036",2268.25,7.06,7,85,0,0,88,93,-10,-10,-10,554.969603370711,4.6,4.048,6,115.8,68.4,4,1066.3,9.8,14,73.7417679,97.3377533,398.3934326,-2.6983,0.55976,2,1,13,3.67900539995116,1,1
"AMON05","AMON","A","42.47603, 1.02153",2180.42,7.43,9,88,88,0,80,91,-9,-5,-7,479.987033420505,6.8,5.44,6,120.9,73.3,4.3,1070.7,10.2,14.3,73.7417679,97.3377533,398.3934326,-2.6537,0.33115,2,2,9,6.21076174715944,2,1.39592909584038
"AMON06","AMON","A","42.47572, 1.022402",2155.97,7.91,2,88,88,0,80,98,-10,-10,-10,390.99570636199,5,4,1,120.9,73.3,4.3,1126.1,10.2,14.3,73.7417679,97.3377533,398.3934326,-2.68963,0.22808,6,1,7,2.60605568255495,4,2.12708796350957
"AMON07","AMON","A","42.47694, 1.02255",2161.93,7.58,10,70,70,0,80,90,-13,1,-6,432.990820364708,32.6,26.08,6,120.9,73.3,4.3,1126.1,10.2,14.3,73.7417679,97.3377533,398.3934326,-2.68963,0.22808,2,2,16,3.66903582475177,5,1.28287656574695
"AMON08","AMON","A","42.47892, 1.02666",2194.69,6.89,7,70,70,0,92,93,-5,-2,-3.5,444.955040090646,5.5,5.06,6,129.1,77.9,4,1182,9.9,14,74.6712036,97.4182968,401.5950012,-2.94961,-0.01611,1,1,11,3.29141182501976,2,1.04359148627454
"AMON09","AMON","A","42.47746, 1.02938",2105.36,7.238,1,75,66,0,99,99,-39,-39,-39,463.979824447946,3.4,3.366,5,123.3,75.5,4.5,1176.2,10.3,14.5,74.6712036,97.4182968,401.5950012,-2.6315,-0.01655,2,2,16,5.31648721453402,3,1.10570181388656
"AMON10","AMON","A","42.47768, 1.02912",2112.02,7.42,1,80,80,0,97,99,-27,-27,-27,422.986731390068,3.4,3.298,5,123.3,75.5,4.5,1173,10.3,14.5,74.6712036,97.4182968,401.5950012,-2.62943,-0.0106,2,1,15,5.78416763058219,3,2.04088999650033
"AMTD01","AMTD","A","42.629648, 0.887163",2482.85,5.65,5,90,90,0,65,95,-8,-8,-8,162.21868632264,14.7777777777778,9.60555555555556,0,129.7,91.4,2,854.1,8,12.4,70.2921906,96.4410934,377.4435425,-4.13277,1.08839,6,2,10,5.38416678710947,1,1
"AMTD02","AMTD","A","42.629906, 0.887647",2484.75,5.258,70,20,20,0,20,30,-100,-100,-100,156.00549993691,1.45,0.29,0,129.7,91.4,2,854.1,8,12.4,70.2921906,96.4410934,377.4435425,-4.13277,1.08839,6,2,5,2.13912366095603,2,1.36956367167207
"AMTD03","AMTD","A","42.630807, 0.887205",2472.22,5.1421,10,10,10,0,90,90,-100,-100,-100,249.656755014496,4.4,3.96,0,129.7,91.4,2,854.1,8,12.4,70.2921906,96.4410934,377.4435425,-4.13277,1.08839,6,2,11,2.12147754989546,2,1.25071836227823
"AMTD04","AMTD","A","42.631147, 0.88694",2472.58,5.2416,0,0,0,0,100,100,-100,-100,-100,173.356968603098,20.6,20.6,0,129.7,91.4,2,854.1,8,12.4,70.2921906,96.4410934,377.4435425,-4.13277,1.08839,6,0,10,4.31245891362548,0,0
"AMTD05","AMTD","A","42.630945, 0.887083",2472.23,5.008,2,85,85,0,80,98,-100,-100,-100,215.49561507886,7.95,6.36,0,129.7,91.4,2,854.1,8,12.4,70.2921906,96.4410934,377.4435425,-4.13277,1.08839,6,2,9,2.4466787376671,3,1.16127212696109
"AMTD06","AMTD","A","42.630584, 0.887468",2471.94,5.2599,45,0.5,0.5,0,55,55,-100,-100,-100,199.081660687137,1,0.55,0,129.7,91.4,2,854.1,8,12.4,70.2921906,96.4410934,377.4435425,-4.13277,1.08839,6,2,3,1.6145172192559,1,1
"ARMO01","ARMO","A","42.50062227, 0.86470986",1742.68,6.706125247,0,20,0,0,95,99,-50,-50,-50,158.531340572166,25.5,24.225,1,111.2,74.6,6.3,1087.5,12,16,81.3981552,101.4747238,484.0635376,-0.78864,-0.66402,1,2,14,5.74821947338087,3,2.3811015779523
"ARMO02","ARMO","A","42.4999306, 0.86579392",1737.46,6.920262096,1,90,90,0,99,99,-40,-40,-40,158.558066285797,33.8,33.462,2,113,75.2,6.2,1122.9,11.9,16,79.290535,100.6080399,466.442749,-1.0837,-0.5974,2,2,17,5.70571072022418,6,1.53993900531987
"ARMO03","ARMO","A","42.49969473, 0.86670131",1750.8,6.45,0,0,0,0,95,95,-20,-20,-20,154.876170127157,55.6,52.82,1,112.2,75,6.2,1122.9,11.9,15.9,78.7868042,99.5347977,454.5559387,-1.20931,-0.53504,2,2,19,8.96439587704057,3,1.26259938817257
"ARMO04","ARMO","A","42.49960412, 0.8658001",1746.95,7.67,0,96,96,0,99,100,-8,-1,-4.5,433.992538512308,26.1,25.839,2,113,75.2,6.2,1122.9,11.9,16,79.290535,100.6080399,466.442749,-1.0837,-0.5974,1,1,13,5.80464702674599,5,2.26723776149915
"ARMO05","ARMO","A","42.49733234, 0.86761629",1775.7,6.38,0,50,0,0,90,90,-4,2,-1,132.854512585169,24.1,21.69,3,113.1,77.3,6.1,1160.8,11.8,15.9,78.7868042,99.5347977,454.5559387,-1.3014,-0.63025,1,1,10,4.67242200424432,2,1.66101682865423
"ARMO06","ARMO","A","42.49754868, 0.86757601",1774.84,5.334145145,0,20,20,0,100,100,-50,-50,-50,156.983110718916,38.9,38.9,1,113.1,77.3,6.1,1160.8,11.8,15.9,78.7868042,99.5347977,454.5559387,-1.3014,-0.63025,1,1,14,6.44711879218722,2,1.12664808309482
"ARMO07","ARMO","A","42.4957608, 0.86741535",1786.19,5.99,0,10,0,0,95,95,-25,-25,-25,118.642870745694,20.7,19.665,4,114.7,78.4,6.1,1178.9,11.8,15.9,78.7868042,99.5347977,454.5559387,-1.34337,-0.6999,2,3,13,1.79582328192195,3,2.3811015779523
"ARMO08","ARMO","A","42.492884, 0.86716065",1805.37,5.84,0,70,70,0,95,95,-6,-2,-4,93.4955415200097,33,31.35,3,119.8,79.7,5.9,1221.4,11.7,15.8,78.7868042,99.5347977,454.5559387,-1.50443,-0.81552,2,2,16,5.23251439586723,2,1.39592909584038
"ARMO09","ARMO","A","42.5013825, 0.86466659",1734.1,5.96,0,70,0,0,100,100,-25,-25,-25,439.617329109546,27.3,27.3,0,111.2,74.6,6.3,1087.5,12,16,81.3981552,101.4747238,484.0635376,-0.78864,-0.66402,2,2,17,6.39169238201725,1,1
"ARMO10","ARMO","A","42.49356454, 0.86508347",1798.88,6.34,0,18,0,0,100,100,-50,-50,-50,291.840476221824,31.7,31.7,0,117.2,77.6,5.9,1129.4,11.7,15.8,79.290535,100.6080399,466.442749,-1.27217,-0.63054,1,2,18,4.96026002933444,1,1
"ASON01","ASON","A","42.61488852, 1.07840978",1543.47,7.15,1,94,94,0,98,99,-4,-1,-2.5,352.975292692125,13.3,13.034,1,81.5,61.1,7.2,883.4,12.9,16.6,83.9099884,103.4910583,506.5454712,0.50898,-0.10904,1,1,16,5.42195341572897,3,1.39813590266866
"ASON02","ASON","A","42.61365626, 1.07601136",1560.93,6.35,7,10,10,0,93,93,-8,-3,-5.5,234.844107426339,20.4,18.972,3,85.6,64.6,7.1,946.6,12.6,16.4,83.9099884,103.4910583,506.5454712,0.28535,-0.28893,1,2,16,5.94622809487507,2,1.25071836227823
"ASON03","ASON","A","42.61778975, 1.07773306",1544.65,6.348,0,0.5,0.5,0,100,100,-50,-50,-50,211.343387858913,43.5,43.5,0,79.3,58.7,7.1,813.8,12.8,16.5,82.0547943,102.7820282,493.4153442,0.38144,0.22225,2,2,10,3.24250653638661,1,1
"ASON04","ASON","A","42.617780463, 1.07764788",1573.38,6.348,15,0.5,0.5,0,85,85,-1,-1,-1,186.843387858913,18.9,16.065,0,79.3,58.7,7.1,813.8,12.8,16.5,82.0547943,102.7820282,493.4153442,0.38144,0.22225,3,2,7,2.62388812224001,1,1
"ASON05","ASON","A","42.61825742, 1.07641862",1554.65,6.4,2,0,0,0,98,98,-6,-2,-4,150.861060597477,17.5,17.15,2,79.3,58.7,7.1,829.2,12.8,16.5,82.0547943,102.7820282,493.4153442,0.37145,0.1936,1,1,18,7.52819932648957,2,2
"ASON06","ASON","A","42.61786109, 1.07106769",1586.41,7.84,0,50,50,0,100,100,-7,0,-3.5,219.9949554152,45.8,45.8,0,83.1,62,7,918.8,12.5,16.3,81.5766525,102.3124619,492.523407,0.08877,-0.01442,2,2,15,7.26189846099667,3,1.26662280241517
"ASON07","ASON","A","42.61782331, 1.07107983",1586.35,7.34,20,25,25,0,70,80,0,4,2,153.984047622182,1.2,0.84,5,83.1,62,7,918.8,12.5,16.3,81.5766525,102.3124619,492.523407,0.08877,-0.01442,2,3,14,6.06975102645803,5,3.53938386085355
"ASON08","ASON","A","42.617893, 1.0735",1568.83,6.39,1,38,38,0,99,99,-22,-10,-16,233.857824283046,37.8,37.422,3,80.7,60.1,7,853.5,12.6,16.3,81.5766525,102.3124619,492.523407,0.19565,0.15701,1,2,12,6.68213980940124,3,1.17435803822701
"ASON09","ASON","A","42.618787, 1.073348",1573.49,6,0,0,0,0,100,100,-25,-25,-25,116.651,47.4,47.4,0,83.1,62,7,853.5,12.5,16.3,81.5766525,102.3124619,492.523407,0.13113,0.10708,1,0,11,4.15033871392815,0,0
"ASON10","ASON","A","42.617968, 1.07277",1574.81,6.6,0,78,78,0,99,100,-3,-1,-2,178.91233516354,19.8,19.602,1,83.1,62,7,853.5,12.5,16.3,81.5766525,102.3124619,492.523407,0.13113,0.10708,1,1,13,4.56256049261055,3,1.44828079396062
"ATRA01","ATRA","A","42.614683, 0.88305",2295.75,5.46,3,8,10,69,45,97,-10,-10,-10,66.7898883919207,8,3.6,3,111.1,82.9,3.1,1030.2,8.9,13.3,73.4962769,97.1941528,398.150116,-3.20788,0.65867,5,2,4,1.40797253046627,4,1.71882139945089
"ATRA02","ATRA","A","42.614733, 0.883567",2302.01,5.65,2,90,0,90,50,95,-6,-6,-6,55.2186863226396,7,3.5,4,118.6,87.5,2.9,1030.2,8.8,13.2,71.6197662,96.054924,380.3485413,-3.6211,0.6654,3,2,6,3.10381600964906,2,1.03356200588778
"ATRA03","ATRA","A","42.614667, 0.882717",2295.07,5.65,50,5,2,3,49,50,-10,-4,-7,73.2186863226397,6,2.94,5,111.1,82.9,3.1,1030.2,8.9,13.3,73.4962769,97.1941528,398.150116,-3.20788,0.65867,3,3,5,1.27012914031922,2,1.64938488846612
"ATRA04","ATRA","A","42.614417, 0.882433",2294.63,6.03,2,25,15,10,65,75,-1,1,0,64.6742942490219,25,16.25,2,111.1,82.9,3.1,1030.2,8.9,13.3,73.4962769,97.1941528,398.150116,-3.20788,0.65867,3,4,5,1.46430368294478,5,3.17989724040812
"ATRA05","ATRA","A","42.613933, 0.880533",2274.52,6.69,10,70,0,0,70,90,-7,2,-2.5,137.928743345731,15,10.5,3,110.1,81.3,3.2,1015.9,9,13.3,73.4962769,97.1941528,398.150116,-3.1381,0.69911,5,1,9,4.05963808617001,1,1
"ATRA06","ATRA","A","42.6136168, 0.87756956",2251.41,4.9,3,60,0,60,90,97,-50,-50,-50,39.6063503128384,8,7.2,3,110.7,82.1,3.2,1031.8,9,13.3,73.4962769,97.1941528,398.150116,-3.16423,0.64943,3,2,14,7.02141989763139,1,1
"ATRA07","ATRA","A","42.61331337, 0.87848677",2253.84,6.26,5,95,93,0,82,95,-1,-1,-1,42.8082102350237,6,4.92,6,109.6,81.8,3.3,1018.8,9.1,13.4,73.4962769,97.1941528,398.150116,-3.09241,0.666,5,1,5,2.13026327600315,3,1.49372768962361
"ATRA08","ATRA","A","42.61228052, 0.88014795",2285.15,5.21,0,95,0.5,94,88,100,-8,-8,-8,138.848083443503,8,7.04,4,109.6,81.8,3.3,1035.6,9.1,13.4,73.4962769,97.1941528,398.150116,-3.1033,0.63474,4,2,8,3.49162058963019,3,1.06790902149624
"ATRA09","ATRA","A","42.61236423, 0.8801041",2285.25,5.64,14,65,0.5,65,84,86,-1,1,0,32.200487189184,14,11.76,4,109.6,81.8,3.3,1035.6,9.1,13.4,73.4962769,97.1941528,398.150116,-3.1033,0.63474,3,2,4,1.54187422099815,2,1.05194998940471
"ATRA10","ATRA","A","42.61225558, 0.88036994",2285.45,5.83,12,3,0.5,3,88,88,-25,-25,-25,74.4837911725293,6,5.28,6,109.6,81.8,3.3,1035.6,9.1,13.4,73.4962769,97.1941528,398.150116,-3.1033,0.63474,3,2,8,2.38345856100416,2,1.64938488846612
"ATRA11","ATRA","A","42.614233, 0.8773",2251.87,6.71,13,15,15,0,87,87,-4,0,-2,65.9319504234685,7,6.09,4,110.7,82.1,3.2,1031.8,9,13.3,73.4962769,97.1941528,398.150116,-3.16423,0.64943,3,2,8,1.6397508551414,4,1.83974582519165
"ATRS01","ATRS","A","42.552668971, 1.054661694",2070.51,6.72,2,2,1,1,98,98,-59,-59,-59,61.7334994209431,7,6.86,3,102,70.8,4.6,1099.8,10.2,14.3,76.6517944,98.2742691,431.8923035,-2.06993,0.24363,3,2,10,3.14639171218795,3,3
"ATRS02","ATRS","A","42.55294738, 1.05517074",2046.23,5.31,4,85,0,85,65,96,-19,-19,-19,23.1106719204041,23.4,15.21,1,102,70.8,4.6,1099.8,10.2,14.3,76.6517944,98.2742691,431.8923035,-2.06993,0.24363,2,2,3,1.55765238754581,4,2.0016119136919
"ATRS03","ATRS","A","42.552307102, 1.054353149",2059.81,6.08,1,5,3,2,99,99,-20,-20,-20,92.4297144438852,12.2,12.078,2,110.7,73.2,4.4,1099.8,10,14,76.6517944,98.2742691,431.8923035,-2.30546,0.15861,3,2,17,5.31102942074886,4,3.17003282492367
"ATRS04","ATRS","A","42.551990548, 1.054669414",2059.52,5.27,0,97,1,97,20,100,-75,-75,-75,35.1557590306678,1,0.2,0,102,70.8,4.6,1099.8,10.2,14.3,76.6517944,98.2742691,431.8923035,-2.06993,0.24363,3,2,8,3.22861998811834,3,1.91050554641307
"ATRS05","ATRS","A","42.551177971, 1.054485014",2043.11,6.25,1,99,91,0,90,99,-6,-6,-6,64.4137428775086,11.5,10.35,2,106.4,73.7,4.4,1111.9,10.1,14.1,76.6517944,98.2742691,431.8923035,-2.23894,0.16518,3,1,9,2.50476970376311,2,1.98561720486998
"ATRS06","ATRS","A","42.551041367, 1.055135823",2043.03,5.02,2,98,1,98,89,98,-6,-6,-6,31.4970758747852,23.75,21.1375,2,107.1,72.5,4.5,1111.9,10.2,14.2,76.6517944,98.2742691,431.8923035,-2.18483,0.15354,2,2,7,3.4875646498468,4,1.72257074562649
"ATRS07","ATRS","A","42.5513874, 1.05540929",2043.29,4.8213,0,97,0,97,45,100,-31,-31,-31,36.7484595160592,13.8,6.21,4,107.1,72.5,4.5,1111.9,10.2,14.2,76.6517944,98.2742691,431.8923035,-2.18483,0.15354,3,2,10,3.26025057244159,3,1.91050554641307
"ATRS08","ATRS","A","42.551719347, 1.055043153",2055.09,4.12,1,98,0,98,30,98,-41,-41,-41,17.5456426314815,2.9,0.87,1,102,70.8,4.6,1099.8,10.2,14.3,76.6517944,98.2742691,431.8923035,-2.06993,0.24363,3,2,8,4.27884821274174,2,1.10656964204599
"ATRS09","ATRS","A","42.552396632, 1.056312155",2053.89,4.67,2,70,1,70,90,98,-32,-32,-32,39.1485123076372,23,20.7,1,102,70.8,4.6,1102.9,10.2,14.3,76.6517944,98.2742691,431.8923035,-2.07194,0.23786,2,2,10,5.18456654871876,4,1.27777003110592
"ATRS10","ATRS","A","42.55293829, 1.05498511",2045.87,6.035,3,60,0,60,97,87,-4,-1,-2.5,78.343022571923,10.1,9.797,4,102,70.8,4.6,1099.8,10.2,14.3,76.6517944,98.2742691,431.8923035,-2.06993,0.24363,3,2,13,4.92556548449237,1,1
"GBAD01","GBAD","G","40.83861103, -3.72159705",1301.43,6.196,0,15,12,3,100,100,-2,-2,-2,348.777758363203,24.9,24.9,1,49,20.2,10.1,715.3,16.5,20.6,95.5385284,123.4659195,620.7445679,5.03664,-0.10816,1,3,9,2.09123515448774,4,2.27632151968323
"GBAD02","GBAD","G","40.83865184, -3.72193632",1301.94,5.785,5,0,0,0,95,95,-2,-2,-2,119.627434169153,29.1428571428571,27.6857142857143,3,49,20.2,10.1,715.3,16.5,20.6,95.5385284,123.4659195,620.7445679,5.03664,-0.10816,2,0,10,2.6754139425497,0,0
"GBAD03","GBAD","G","40.838644, -3.7214248",1302.18,5.935,1,7,7,0,99,99,-1,-1,-1,140.99465443377,8.6,8.514,1,49,20.2,10.1,715.3,16.5,20.6,95.5385284,123.4659195,620.7445679,5.03664,-0.10816,1,3,13,7.24452912690759,3,2.3811015779523
"GBAD04","GBAD","G","40.83820246, -3.72148896",1300.15,5.535,7,40,10,30,80,93,0,0,0,181.981817972114,7.2,5.76,1,49,20.2,10.1,715.3,16.5,20.6,95.5385284,123.4659195,620.7445679,5.03664,-0.10816,1,2,10,5.28788889860849,4,1.67633722560729
"GBAD05","GBAD","G","40.83842607, -3.72123845",1302.01,5.817,0,100,25,75,95,100,-5,-5,-5,293.948105588925,21.5,20.425,2,49,20.2,10.1,715.3,16.5,20.6,95.5385284,123.4659195,620.7445679,5.03664,-0.10816,1,2,20,6.91371069416323,4,1.79537613652983
"GBAD06","GBAD","G","40.8382795, -3.72164415",1301.29,5.4049,3,10,10,0,97,97,-40,-40,-40,206.556193942541,9,8.73,1,49,20.2,10.1,715.3,16.5,20.6,95.5385284,123.4659195,620.7445679,5.03664,-0.10816,2,4,9,5.20048090901422,1,1
"GBAD07","GBAD","G","40.83777435, -3.72066443",1300.36,5.816,0,15,12,3,95,99,-5,-5,-5,154.066879445675,14,13.3,2,49,20.2,10.1,747.2,16.5,20.6,95.5385284,123.4659195,620.7445679,5.01595,-0.16751,2,4,20,11.6763903336756,6,3
"GBAD08","GBAD","G","40.83798856, -3.72159258",1300.04,5.5682,0,0,0,0,100,100,-60,-60,-60,177.756753012252,37.5,37.5,2,49,20.2,10.1,715.3,16.5,20.6,95.5385284,123.4659195,620.7445679,5.03664,-0.10816,2,0,12,4.93335425095907,0,0
"GBAD09","GBAD","G","40.83828785, -3.72122789",1300.95,5.981,5,25,20,5,80,95,0,0,0,43.8353926434919,6.1,4.88,1,49,20.2,10.1,715.3,16.5,20.6,95.5385284,123.4659195,620.7445679,5.03664,-0.10816,1,0,12,5.03544799312632,0,0
"GBAD10","GBAD","G","40.8381832, -3.72137021",1300.05,5.7,1,0,0,0,99,99,0,0,0,202.303653452076,20.2,19.998,1,49,20.2,10.1,715.3,16.5,20.6,95.5385284,123.4659195,620.7445679,5.03664,-0.10816,1,0,13,4.70212712873262,0,0
"GCCH01","GCCH","G","40.92202, -3.94376",1933.01,5.55,0,80,15,65,98,100,-20,-15,-17.5,207.016384356989,8.8,8.624,2,62,27.8,6.6,820.8,12.8,17.3,82.678772,108.8135147,497.2906189,1.28918,1.05665,4,2,10,3.77864357594077,2,1.68485794206712
"GCCH02","GCCH","G","40.92186, -3.94377",1932.15,5.56,4,95,10,87,55,96,-0.5,0.5,0,48.438774182535,3.5,1.925,2,62,27.8,6.6,820.8,12.8,17.3,82.678772,108.8135147,497.2906189,1.28918,1.05665,4,2,6,4.33068504320765,4,2.72651286362175
"GCCH03","GCCH","G","40.92183, -3.94396",1930.73,5.73,0,99,55,50,85,100,-12,-7,-9.5,140.350131589305,3.5,2.975,4,62,27.8,6.6,820.8,12.8,17.3,82.678772,108.8135147,497.2906189,1.28918,1.05665,4,2,10,3.26269547685057,4,3.38067393476455
"GCCH04","GCCH","G","40.92202, -3.94389",1931.93,5.97,2,78,0,78,80,98,-40,-35,-37.5,272.626039762472,3.2,2.56,4,62,27.8,6.6,820.8,12.8,17.3,82.678772,108.8135147,497.2906189,1.28918,1.05665,4,2,9,4.01474968484293,2,1.13691528613551
"GCCH05","GCCH","G","40.92178, -3.94366",1933.49,5.91,1,98,0.5,98,98,99,-5,-2,-3.5,223.570636198986,5.2,5.096,5,62,27.8,6.6,820.8,12.8,17.3,82.678772,108.8135147,497.2906189,1.28918,1.05665,4,2,6,3.7193080984692,3,1.91050554641307
"GCCH06","GCCH","G","40.92133, -3.94549",1916.06,5.26,0,98,0.5,98,70,100,-7,-4,-5.5,151.682102350237,4.125,2.8875,3,61.3,26.8,6.7,893.6,12.9,17.4,82.678772,108.8135147,497.2906189,1.30907,0.92121,4,2,9,3.61177582542292,5,1.43707537137012
"GCCH07","GCCH","G","40.92075, -3.94804",1898.72,5.39,0,95,0.5,93,90,100,-1,-1,-1,60.8782428304636,2.5,2.25,5,64.6,30.4,6.9,849.2,13.1,17.6,82.678772,108.8135147,497.2906189,1.35588,0.85779,5,2,2,1.12028089447465,2,1.03356200588778
"GCCH08","GCCH","G","40.91982, -3.94891",1892.82,4.85,0,98,95,4,89,100,-45,-25,-35,202.070243969267,4.7,4.183,5,61.8,27.8,6.9,849.2,13.2,17.7,82.678772,108.8135147,497.2906189,1.44971,0.92361,4,2,10,5.74291649897816,2,1.31642722915476
"GCCH09","GCCH","G","40.9186, -3.94956",1895.26,5.45,1,12,10,2,98,99,-3,-1,-2,247.761701271575,4.5,4.41,5,63.1,29.3,6.9,845,13.2,17.7,82.678772,108.8135147,497.2906189,1.42086,0.89185,4,2,8,4.58267273715814,3,2.3811015779523
"GCCH10","GCCH","G","40.91743, -3.94813",1903.18,5.13,1,96,0.5,98,93,99,-10,-4,-7,223.41282725786,2,1.86,5,65.3,31,6.9,845,13.1,17.5,82.678772,108.8135147,497.2906189,1.32718,0.8482,4,2,7,2.86823374109757,2,1.39592909584038
"GCHR01","GCHR","G","40.84808456, -3.94663331",2061.52,5.823,0,70,5,65,60,100,-7,-7,-7,324.475403453835,3.6,2.16,3,69.6,29.5,6.1,951.8,12.4,17,81.6373062,108.2249298,483.2067566,0.77699,0.90325,4,2,13,3.83510886150158,5,1.93047196959252
"GCHR02","GCHR","G","40.84711429, -3.9475887",2051.94,6.1,0,95,95,0,40,100,-11,-11,-11,383.722779446081,2,0.8,3,69.6,29.5,6.1,964.3,12.4,17,81.6373062,108.2249298,483.2067566,0.76889,0.87999,2,4,17,8.75809264126372,2,1.03356200588778
"GCHR03","GCHR","G","40.85026375, -3.94807208",2111.37,5.23,0,95,10,85,60,100,-7,-7,-7,42.644935642809,3.6,2.16,4,73.4,32.6,5.7,954.3,12,16.7,79.9120102,106.992775,464.6499023,0.30837,1.02389,4,2,7,2.99505624900667,7,3.19910729925455
"GCHR04","GCHR","G","40.85013535, -3.94797776",2110.44,5.34,0,80,1,79,95,100,-25,-25,-25,96.0047622182441,2.63636363636364,2.50454545454545,3,73.4,32.6,5.7,954.3,12,16.7,79.9120102,106.992775,464.6499023,0.30837,1.02389,4,2,7,1.91343164782684,5,2.56322993969127
"GCHR05","GCHR","G","40.85011063, -3.9486923",2111.01,6.01,15,5,5,5,82,85,-10,-10,-10,510.658944209886,3,2.46,6,73.4,32.6,5.7,954.3,12,16.7,79.9120102,106.992775,464.6499023,0.30837,1.02389,5,2,7,3.31927507448943,3,2.3811015779523
"GCHR06","GCHR","G","40.84838724, -3.94766431",2072.48,6.034,3,70,70,0,90,97,-6.5,-6.5,-6.5,373.677280337296,3.4,3.06,4,69.6,29.5,6.1,964.3,12.4,17,81.6373062,108.2249298,483.2067566,0.76889,0.87999,4,3,12,4.16293335404651,2,1.45756926498109
"GCHR07","GCHR","G","40.84743188, -3.94866263",2074.26,5.28,40,20,0,20,60,60,0,0,0,22.7684219637283,4.2,2.52,2,72.6,31.4,5.8,964.3,12.2,16.8,81.6373062,108.2249298,483.2067566,0.60355,0.88038,5,2,3,1.10570181388656,1,1
"GCHR08","GCHR","G","40.84758134, -3.94877611",2074.63,5.02,15,10,0,10,75,85,-8,-8,-8,102.167075874785,2.4,1.8,3,72.6,31.4,5.8,964.3,12.2,16.8,81.6373062,108.2249298,483.2067566,0.60355,0.88038,4,2,4,2.52553782269268,1,1
"GCHR09","GCHR","G","40.84754117, -3.94879653",2074.63,5.39,0,90,90,5,40,100,-26,-26,-26,247.578242830464,4.6,1.84,1,72.6,31.4,5.8,964.3,12.2,16.8,81.6373062,108.2249298,483.2067566,0.60355,0.88038,5,2,8,4.18020285561407,3,1.07714492243054
"GCHR10","GCHR","G","40.84782889, -3.94721596",2065.09,5.12,0,92,2,85,97,100,-17.5,-17.5,-17.5,248.352564263148,3.4,3.298,5,69.6,29.5,6.1,964.3,12.4,17,81.6373062,108.2249298,483.2067566,0.76889,0.87999,4,2,14,5.79723759870003,4,1.44436216861774
"GCHR11","GCHR","G","40.85014, -3.94868",2111.18,NA,10,10,10,0,90,90,11.5,11.5,11.5,NA,6,5.4,1,73.4,32.6,5.7,954.3,12,16.7,79.9120102,106.992775,464.6499023,0.30837,1.02389,NA,NA,NA,NA,NA,NA
"GCHR12","GCHR","G","40.84801695, -3.94650074",2060.9,5.945,28,7,NA,7,60,65,-0.5,-0.5,-0.5,453.60388122533,2.65,1.59,3,69.6,29.5,6.1,951.8,12.4,17,81.6373062,108.2249298,483.2067566,0.77699,0.90325,4,0,7,3.9692997282113,0,0
"GHOP01","GHOP","G","40.83588098, -3.95374363",1955.61,4.803,2,96,40,55,70,98,-10,-10,-10,371.506799803013,3.6,2.52,5,70.1,32,6.3,1021.6,12.6,17.3,82.5798874,109.9084778,496.3056641,0.98267,0.61401,4,2,5,3.01262374969892,3,2.31010599271959
"GLIS01","GLIS","G","40.32053, -5.18568",1439.54,6.09,1,99,96,3,70,99,-4,-2,-3,99.7163221498587,9.4,6.58,2,51.8,21.2,10,1123.1,16.4,20.9,94.4402237,121.7196884,602.956543,4.54687,-0.80523,2,3,11,5.39851143392608,6,2.02592067636448
"GLIS02","GLIS","G","40.32056, -5.18548",1438.49,5.72,1,95,85,10,96,99,-3,-2,-2.5,59.3349942094308,10.8,10.368,2,48.9,19.5,10,1123.1,16.5,21,94.4402237,121.7196884,602.956543,4.63138,-0.75368,2,3,14,4.76560264741437,6,4.14445902213514
"GLIS03","GLIS","G","40.32063, -5.18501",1437.47,5.82,0,2,2,0,100,100,-10,-4,-7,121.471767124296,44,44,1,48.9,19.5,10,1123.1,16.5,21,94.4402237,121.7196884,602.956543,4.63138,-0.75368,2,3,9,3.39230861381325,3,2.3811015779523
"GLIS04","GLIS","G","40.31987, -5.18614",1445.29,5.44,0,100,55,50,93,100,-4,-3,-3.5,81.7328575888523,7.8,7.254,1,54.1,23.6,10,1071.7,16.5,21,94.4402237,121.7196884,602.956543,4.5604,-0.78391,2,3,10,3.91549396562518,3,2.04186691462507
"GLIS05","GLIS","G","40.31959, -5.18682",1449.12,5.88,6,70,70,0,94,94,-3,0,-1.5,60.5399283982438,27.4,25.756,2,54.1,23.6,10,1068.2,16.5,21,94.4402237,121.7196884,602.956543,4.56267,-0.7774,2,3,16,5.92771897423564,5,1.46430368294478
"GLIS06","GLIS","G","40.31845, -5.18805",1459.8,5.72,0,98,10,88,95,100,-6,-6,-6,54.3349942094308,18.8,17.86,1,57,25.2,9.8,1068.2,16.2,20.8,94.4402237,121.7196884,602.956543,4.40038,-0.77846,2,2,15,4.97121216992106,4,1.20329124268671
"GLIS07","GLIS","G","40.31833, -5.18847",1462.56,5.45,0,100,5,95,85,100,-30,-25,-27.5,65.7617012715748,13.2,11.22,1,54.9,22.5,9.7,1101.8,16.2,20.8,94.4402237,121.7196884,602.956543,4.41802,-0.75642,2,2,16,5.0805408992897,4,1.80650157987784
"GLIS08","GLIS","G","40.31829, -5.18826",1461.96,5.37,0,55,2,55,55,100,-38,-33,-35.5,82.5112374793824,18.6,10.23,0,54.9,22.5,9.7,1101.8,16.2,20.8,94.4402237,121.7196884,602.956543,4.41802,-0.75642,1,2,11,4.24956884929625,3,1.21887174954129
"GLIS09","GLIS","G","40.31878, -5.18793",1456.3,5.14,1,75,75,0,99,99,-50,-50,-50,105.471718499338,19.4,19.206,2,54.1,23.6,10,1068.2,16.5,21,94.4402237,121.7196884,602.956543,4.56267,-0.7774,4,3,18,5.50352313125805,2,1.04359148627454
"GLIS10","GLIS","G","40.31911, -5.18748",1452.78,6.04,0,0,0,0,100,100,-1,1,0,96.6817082170648,58.6,58.6,0,54.1,23.6,10,1068.2,16.5,21,94.4402237,121.7196884,602.956543,4.56267,-0.7774,2,0,11,3.67306751379278,0,0
"GMAR01","GMAR","G","40.86056638, -3.967318",1859.7,4.2,0,100,0,100,25,100,-38,-23,-30.5,147.979588677641,5.4,1.35,0,67,29.5,7.1,942.8,13.3,17.9,84.2899704,111.2722931,515.913269,1.6538,0.5264,4,2,4,2.75812137085743,1,1
"GMAR02","GMAR","G","40.86069975, -3.96725433",1859.63,5.49,13,1,1,0,87,87,-1,0,-0.5,66.8706581373156,6.1,5.307,2,67,29.5,7.1,942.8,13.3,17.9,84.2899704,111.2722931,515.913269,1.6538,0.5264,5,0,7,4.36147431963801,0,0
"GMAR03","GMAR","G","40.86055939, -3.96716372",1859.98,5.7,10,85,0,85,25,90,-3,1,-1,114.303653452076,4.9,1.225,1,67,29.5,7.1,942.8,13.3,17.9,84.2899704,111.2722931,515.913269,1.6538,0.5264,4,2,8,4.75682846001088,1,1
"GMAR04","GMAR","G","40.86038963, -3.9673486",1859.82,5.43,0,100,20,80,88,100,-2,2,0,53.7033420504509,11.6,10.208,0,67,29.5,7.1,942.8,13.3,17.9,84.2899704,111.2722931,515.913269,1.6538,0.5264,4,2,8,2.91395688775006,3,1.49372768962361
"GMAR05","GMAR","G","40.86079394, -3.96698312",1859.68,5.07,2,55,10,45,90,98,-8,-8,-8,150.029528246674,7.4,6.66,4,68.5,31.2,6.9,942.8,13.2,17.7,84.2899704,111.2722931,515.913269,1.53825,0.52212,5,2,7,2.13383432432226,2,1.53621718610039
"GMAR06","GMAR","G","40.8609269, -3.96692021",1859.89,5.56,7,92,0.5,92,60,93,-4,-1,-2.5,118.038774182535,3.7,2.22,2,68.5,31.2,6.9,942.8,13.2,17.7,84.2899704,111.2722931,515.913269,1.53825,0.52212,4,2,14,6.28251511811744,2,1.03807300332804
"GMAR07","GMAR","G","40.85983258, -3.96555",1873.22,5.88,20,15,15,0.5,70,80,0,20,10,150.539928398244,0.25,0.175,0,68.5,31.2,6.9,1016.5,13.2,17.7,82.5191116,109.2648926,498.9256897,1.24664,0.48905,2,4,6,1.8508447218085,4,3.29876977693224
"GMAR08","GMAR","G","40.8597803, -3.96588272",1873.13,4.7,1,98,0,98,58,99,-25,-25,-25,111.036534520759,3.6,2.088,4,68.5,31.2,6.9,942.8,13.2,17.7,82.5191116,109.2648926,498.9256897,1.29444,0.62618,4,2,7,4.46621596213677,5,1.21664324495313
"GMAR09","GMAR","G","40.86000914, -3.965543",1873.4,5.48,0,95,40,55,50,100,-60,-60,-60,215.844352386026,4,2,4,68.5,31.2,6.9,1016.5,13.2,17.7,82.5191116,109.2648926,498.9256897,1.24664,0.48905,4,2,12,6.62646142565356,2,1.76115112414776
"GMAR10","GMAR","G","40.85969456, -3.9657174",1873.48,5.95,0,95,3,92,80,100,-6.5,-6.5,-6.5,210.608415559449,4.8,3.84,2,68.5,31.2,6.9,1016.5,13.2,17.7,82.5191116,109.2648926,498.9256897,1.24664,0.48905,4,2,7,3.05483228024117,5,1.13899460755973
"GMHO01","GMHO","G","40.97022103, -3.85173582",1783.3,5.35,10,60,15,50,40,90,-8,2,-3,44.8410742633931,1.1,0.44,5,62.1,28.8,7.5,767.3,13.8,18.3,84.451767,110.8237305,514.9924927,2.02225,0.80132,4,2,14,5.82602490275984,4,1.8566217166981
"GMHO02","GMHO","G","40.97022202, -3.85190142",1781.32,5.62,15,0,0,0,85,85,-12,-12,-12,123.162807311262,2.85,2.4225,5,62.1,28.8,7.5,767.3,13.8,18.3,84.451767,110.8237305,514.9924927,2.02225,0.80132,4,0,6,3.27976499912194,0,0
"GMHO03","GMHO","G","40.96958359, -3.85323607",1763.86,5.281,10,0,0,0,90,90,-50,-50,-50,221.172634476316,2.1,1.89,5,58.9,26.6,7.5,688.9,13.9,18.3,84.451767,110.8237305,514.9924927,2.14985,1.01085,5,0,9,2.04280620473861,0,0
"GMHO04","GMHO","G","40.97020506, -3.85235254",1774.68,5.6,25,3,3,30,70,75,-6,2,-2,238.123351635403,2.3,1.61,4,61.5,29.4,7.5,688.9,13.9,18.3,84.451767,110.8237305,514.9924927,2.08901,0.93513,4,2,14,5.98670061918203,3,1.54434476007559
"GMHO05","GMHO","G","40.9694317, -3.85125558",1769.4,6.03,20,3,3,0,80,80,-3,1,-1,251.674294249022,7.6,6.08,6,57.5,24.6,7.5,688.9,13.9,18.3,84.451767,110.8237305,514.9924927,2.18831,1.06002,2,3,19,9.60210078813611,2,1.64938488846612
"GMHO06","GMHO","G","40.96935005, -3.85141212",1767.1,5.59,0,60,60,0,90,100,-49,-49,-49,277.102931871814,2.95,2.655,4,57.5,24.6,7.5,688.9,13.9,18.3,84.451767,110.8237305,514.9924927,2.18831,1.06002,4,1,13,3.87334276425923,3,1.21887174954129
"GMHO07","GMHO","G","40.96902982, -3.85163802",1762.96,5.74,10,1,1,0,90,90,-2,2,0,166.364924400345,3.3,2.97,6,57.5,24.6,7.5,688.9,13.9,18.3,84.451767,110.8237305,514.9924927,2.18831,1.06002,5,4,7,2.55977715116455,1,1
"GMHO08","GMHO","G","40.97023087, -3.84875677",1801.87,5.66,20,10,0,10,75,80,-2,-2,-2,152.236471193242,1.6,1.2,5,58.3,26.2,7.3,713.1,13.7,18.2,84.5011902,110.864502,514.84198,2.06999,1.02725,1,2,9,2.5081189419834,1,1
"GMHO09","GMHO","G","40.97003208, -3.8482291",1797.5,5.52,0,60,20,45,95,100,-15,-15,-15,259.94603684958,6.9,6.555,4,55.1,23.7,7.5,740.2,13.9,18.3,84.5011902,110.864502,514.84198,2.19528,1.00511,4,2,15,5.87359745886015,5,2.09717479401305
"GMHO10","GMHO","G","40.97050923, -3.8482383",1807.81,5.76,7,25,2,23,88,93,-8,-8,-8,277.393507510766,3.6,3.168,5,58.3,26.2,7.3,683.7,13.7,18.2,84.5011902,110.864502,514.84198,2.08906,1.08195,4,2,9,3.85322903197062,3,1.5183610185529
"GNAJ01","GNAJ","G","40.8225794, -3.84144508",1733.27,5.782,15,60,60,0,85,90,3.5,3.5,3.5,141.923465332418,3.05,2.5925,5,65.2,31.6,7.9,907.4,14.3,18.7,84.9644928,112.0179367,520.1228027,2.17055,0.33188,4,3,13,6.97275020204863,3,1.65061317880243
"GNAJ02","GNAJ","G","40.8231894, -3.84179394",1715.27,5.802,0,85,75,10,100,100,-40,-40,-40,216.229413666875,2.05,2.05,4,65.2,31.6,7.9,907.4,14.3,18.7,86.4058533,113.1291122,536.5859985,2.3575,0.22813,4,2,8,4.25593251833656,4,2.0847243608285
"GNAJ03","GNAJ","G","40.8240597, -3.84307278",1685.37,5.768,5,80,0,80,50,95,0,0,0,57.1045772462379,2,1,5,65.2,31.6,7.9,906.1,14.3,18.7,86.4058533,113.1291122,536.5859985,2.35834,0.23054,4,2,11,4.36619343079098,1,1
"GNAJ04","GNAJ","G","40.82415039, -3.8434288",1681.37,6.221,10,90,7,85,60,90,-4,-4,-4,248.790190365618,3.3,1.98,4,65.3,31.7,7.9,906.1,14.3,18.6,86.4058533,113.1291122,536.5859985,2.33927,0.22812,4,2,8,4.55615985989749,5,1.24635030077738
"GNAJ05","GNAJ","G","40.82419157941937, -3.8437526713458334",1679.57,5.605,20,1,0,1,80,80,-0.5,-0.5,-0.5,54.3333865462519,3.3,2.64,5,65.3,31.7,7.9,906.1,14.3,18.6,86.4058533,113.1291122,536.5859985,2.33927,0.22812,4,2,6,3.91623982313341,1,1
"GNAJ06","GNAJ","G","40.82436939827621, -3.8436897286114204",1679.1,5.902,4,92,0,92,75,96,0,0,0,242.562653729945,3.65,2.7375,5,64.3,30.9,8.1,945.6,14.5,18.7,86.4058533,113.1291122,536.5859985,2.41278,0.13025,4,2,10,3.70605653949111,1,1
"GNAJ07","GNAJ","G","40.8248988, -3.84486247",1664.74,5.924,10,50,45,5,60,90,-25,-25,-25,137.584256539198,3.65,2.19,3,64.3,30.9,8.1,933,14.5,18.7,86.4058533,113.1291122,536.5859985,2.42095,0.1537,4,2,16,5.34677992722868,2,1.25687926337509
"GNAJ08","GNAJ","G","40.82412763, -3.84570586",1674.43,5.972,15,50,1,45,75,85,-2,-2,-2,124.427757953691,2.9,2.175,5,67.6,32.6,7.8,926.5,14.2,18.5,86.4058533,113.1291122,536.5859985,2.24258,0.17465,1,2,9,2.54855430407632,6,1.34444288011035
"GNAJ09","GNAJ","G","40.82310994, -3.84567325",1686.58,5.71,5,20,17,3,90,95,-30,-30,-30,155.119504234684,4.85,4.365,4,67.6,32.6,7.8,926.5,14.2,18.5,86.4058533,113.1291122,536.5859985,2.24258,0.17465,4,3,15,6.81465644595087,4,2.89543014317912
"GNAJ10","GNAJ","G","40.82335678, -3.84368137",1698.04,5.591,10,57,1,56,85,90,-25,-25,-25,466.104995071255,2.7,2.295,4,65.3,31.7,7.9,906.1,14.3,18.6,86.4058533,113.1291122,536.5859985,2.33927,0.22812,4,2,14,6.22634663408187,5,1.21871640453731
"GNEG01","GNEG","G","40.4289856, -5.28621375",1925.03,5.54,25,70,50,5,50,75,-5,-3,-4,207.993473005409,3.3,1.65,1,55.5,26.3,7.7,770,14.1,18.7,86.3808441,111.4689407,510.4850159,2.37233,0.80648,4,3,10,7.03956824767462,6,2.35105894605714
"GNEG02","GNEG","G","40.42884413, -5.28610329",1925.48,4.13,5,70,40,30,93,95,-36,-36,-36,131.128272578598,6.6,6.138,1,55.5,26.3,7.7,770,14.1,18.7,86.3808441,111.4689407,510.4850159,2.37233,0.80648,4,2,10,4.26433364077909,4,2.73082366154817
"GNEG03","GNEG","G","40.42924726, -5.28374752",1930.1,5.44,8,15,15,1,87,92,-16,-16,-16,122.732857588852,8.85,7.6995,3,51.9,23.4,7.6,709.5,14,18.7,86.3808441,111.4689407,510.4850159,2.45345,1.03144,2,3,21,7.23268508433835,5,5
"GNEG04","GNEG","G","40.42948214, -5.28389501",1929.38,6.01,30,0,0,0,70,70,0,0,0,49.6589442098864,2.83333333333333,1.98333333333333,0,51.9,23.4,7.6,709.5,14,18.7,86.3808441,111.4689407,510.4850159,2.45345,1.03144,2,0,6,3.79109759153982,0,0
"GNEG05","GNEG","G","40.42963097, -5.28389896",1929.53,5.276,2,70,5,65,50,98,-30,-30,-30,169.151474580818,2.2,1.1,1,51.9,23.4,7.6,709.5,14,18.7,86.3808441,111.4689407,510.4850159,2.45345,1.03144,4,2,8,3.08530522258752,1,1
"GNEG06","GNEG","G","40.42956409, -5.28404673",1928.97,5.12,12,80,80,0,70,88,-15,-15,-15,362.352564263148,2.8,1.96,1,51.9,23.4,7.6,709.5,14,18.7,86.3808441,111.4689407,510.4850159,2.45345,1.03144,4,3,18,6.27152336821946,5,2.46178705640815
"GNEG07","GNEG","G","40.43032508, -5.2855355",1907.32,5.97,2,100,100,0,70,98,-4,-4,-4,70.6260397624721,4.6,3.22,3,53.8,24.9,7.7,773.8,14,18.7,86.3808441,111.4689407,510.4850159,2.38837,0.84986,4,3,8,3.80911935828096,5,1.13899460755973
"GNEG08","GNEG","G","40.4306483, -5.28566182",1902.59,6.07,0,0,0,0,100,100,-40,-40,-40,199.702952824667,41.7,41.7,0,53.8,24.9,7.7,773.8,14,18.7,86.3808441,111.4689407,510.4850159,2.38837,0.84986,4,0,9,5.09046036072756,0,0
"GNEG09","GNEG","G","40.43043855, -5.28570456",1904.47,5.91,35,7,7,0,65,65,-5,1,-2,70.5706361989865,22.1,14.365,3,53.8,24.9,7.7,773.8,14,18.7,86.3808441,111.4689407,510.4850159,2.38837,0.84986,4,3,10,4.22130576321528,4,1.83974582519165
"GNEG10","GNEG","G","40.42927054, -5.28610128",1921.19,5.08,5,90,40,50,70,95,-50,-50,-50,218.097144438852,3.05,2.135,1,55.5,26.3,7.7,770,14.1,18.7,86.3808441,111.4689407,510.4850159,2.37233,0.80648,4,2,16,8.00638621194873,5,2.27712037389324
"GNEG11","GNEG","G","40.41911038, -5.2984008",1905.2,5.5,0,100,100,0,60,100,-5,-5,-5,386.896365096601,NA,NA,3,51.2,23.3,7.6,763.1,14,18.8,86.4244461,112.2110825,516.5240479,2.50306,0.9265,4,3,5,2.80188682948635,5,1.43707537137012
"GNEG12","GNEG","G","40.41913141, -5.29851975",1905.59,6.24,5,95,11,89,94,95,-1,1,0,124.799171461869,3,2.82,4,51.2,23.3,7.6,758.5,14,18.8,86.4244461,112.2110825,516.5240479,2.50604,0.93506,4,2,4,1.57048437133864,6,1.401228919004
"GNPE01","GNPE","G","40.876398, -3.983465",1531.51,6.1,0,3,3,0,100,100,-3,1,-1,362.722779446081,35.1,35.1,0,60.2,24.8,8.5,954.1,14.6,18.9,90.2419281,117.3100204,576.9794312,3.16747,-0.05273,2,2,14,6.31057633896714,3,2.3811015779523
"GNPE02","GNPE","G","40.87629, -3.98338",1529.59,5.75,10,0.5,0.5,0,90,90,-15,-15,-15,196.379380485896,7.5,6.75,3,60.2,24.8,8.5,954.1,14.6,18.9,90.2419281,117.3100204,576.9794312,3.16747,-0.05273,2,4,16,5.47517615017536,1,1
"GNPE03","GNPE","G","40.8756475, -3.98258042",1550.04,6.15,20,30,30,0,80,80,-15,-15,-15,279.75292692125,3.65,2.92,5,60.2,24.8,8.5,849.6,14.6,18.9,87.996788,113.7839279,552.5418091,2.87229,0.26953,2,2,16,8.28217689541701,3,1.53088875019617
"GNPE04","GNPE","G","40.872005, -3.98465",1558.51,5.71,0,80,0,80,100,100,-3,-1,-2,372.319504234684,28.7,28.7,1,69.3,31.3,8.7,819.6,14.8,19.1,93.0753937,120.1344681,597.1549072,3.52043,-0.20483,2,2,14,5.56506005898863,1,1
"GNPE05","GNPE","G","40.873924, -3.987833",1432.34,5.91,1,35,0,35,90,99,-2,-2,-2,119.570636198986,29.5,26.55,2,64.3,27.9,9,966.3,15.1,19.3,93.0753937,120.1344681,597.1549072,3.64614,-0.43935,2,2,17,8.10773655430263,2,1.08492451262042
"GNPE06","GNPE","G","40.87250502, -3.9833516",1585.53,5.81,10,15,10,5,90,90,-20,-20,-20,244.459463,10,9,4,66.5,28.7,8.4,819.6,14.5,18.9,93.0753937,120.1344681,597.1549072,3.45432,-0.05702,4,3,12,7.13290654968435,4,4
"GNPE07","GNPE","G","40.871156, -3.989849",1413.11,5.34,4,93,0,93,88,95,-15,-15,-15,363.404762218244,9.4,8.272,5,67.4,32.7,9.4,885.7,15.4,19.6,93.0753937,120.1344681,597.1549072,3.76739,-0.49423,2,2,14,7.37207971339681,1,1
"GNPE08","GNPE","G","40.87267449, -3.98922783",1418.41,6.15,20,5,5,0,80,80,-5,5,0,128.75292692125,3.8,3.04,3,64.5,30.2,9.4,1013.5,15.4,19.6,93.0753937,120.1344681,597.1549072,3.74515,-0.65818,2,3,15,5.07825371635187,3,2.3811015779523
"GNPE09","GNPE","G","40.87253065, -3.98927545",1418.29,5.81,0,10,10,0,100,100,-4,-4,-4,241.459463,48,48,2,64.5,30.2,9.4,1013.5,15.4,19.6,93.0753937,120.1344681,597.1549072,3.74515,-0.65818,2,2,15,10.3781071367899,1,1
"GNPE10","GNPE","G","40.87357836, -3.98792742",1434.2,5.61,0,66,66,0.5,100,100,-40,-30,-35,265.143306588426,4.88888888888889,4.88888888888889,3,65.7,28.8,9,1013.5,15.1,19.3,93.0753937,120.1344681,597.1549072,3.5898,-0.55758,2,3,20,6.72016028855007,3,1.10570181388656
"GRAS01","GRAS","G","40.91102034, -3.86506696",1124.88,5.75312,15,1,1,0,85,85,-60,-60,-60,288.186025380079,12.3,10.455,5,46.3,20.8,10.3,785.3,15.9,19.5,100.3071823,128.1275024,651.7906494,5.3248,-0.43063,2,3,17,9.86573725059876,2,2
"GRAS02","GRAS","G","40.91103182, -3.86507442",1124.88,5.3,5,25,25,0,90,95,-30,-30,-30,528.250856554641,12.3,11.07,2,46.3,20.8,10.3,785.3,15.9,19.5,100.3071823,128.1275024,651.7906494,5.3248,-0.43063,1,3,20,6.77781527753801,4,1.40797253046627
"GRAS03","GRAS","G","40.91070409, -3.86559854",1125.62,5.5062,12,2,2,0,88,88,-70,-70,-70,194.007057789052,8.55555555555556,7.52888888888889,5,46.3,20.8,10.3,785.3,15.9,19.5,100.3071823,128.1275024,651.7906494,5.3248,-0.43063,2,3,15,6.61729871612912,2,2
"GRAS04","GRAS","G","40.91081331, -3.86615928",1126.7,5.5372,5,6,6,0,95,95,-60,-60,-60,224.487938221936,21.7,20.615,2,46.3,20.9,10.3,785.3,15.9,19.4,100.3071823,128.1275024,651.7906494,5.30682,-0.43197,2,3,20,8.19637348913106,2,1.64938488846612
"GRAS05","GRAS","G","40.91070309, -3.86631103",1126.56,5.4469,0,0.5,0.5,0,100,100,-60,-60,-60,268.884727256555,34.1,34.1,1,46.3,20.9,10.3,785.3,15.9,19.4,100.3071823,128.1275024,651.7906494,5.30682,-0.43197,2,4,16,9.08334914213392,2,2
"GRAS06","GRAS","G","40.91140945, -3.86492353",1125.02,5.78,0,90,90,0,100,100,-1,-1,-1,429.420804169304,23.1,23.1,1,46.3,20.8,10.3,785.3,15.9,19.5,100.3071823,128.1275024,651.7906494,5.3248,-0.43063,1,3,16,4.94519687133853,3,1.07714492243054
"GRAS07","GRAS","G","40.91131619, -3.86497965",1125.3,6.62,2,70,50,20,95,98,-20,-20,-20,307.916280731126,20.9,19.855,0,46.3,20.8,10.3,785.3,15.9,19.5,100.3071823,128.1275024,651.7906494,5.3248,-0.43063,1,3,13,5.19729198230992,5,2.44269396676259
"GRAS08","GRAS","G","40.91155063, -3.86496455",1125.16,6.33,5,85,85,85,85,95,-8,-8,-8,222.836760435691,14,11.9,0,46.3,20.8,10.3,785.3,15.9,19.5,100.3071823,128.1275024,651.7906494,5.3248,-0.43063,1,3,12,4.9137611930732,5,2.11496662324258
"GRAS09","GRAS","G","40.91164497, -3.86512916",1125.49,5.7093,4,13,0.5,13,96,96,-50,-50,-50,162.229404920686,33.7,32.352,2,46.3,20.8,10.3,785.3,15.9,19.5,100.3071823,128.1275024,651.7906494,5.3248,-0.43063,1,3,9,4.66883731337962,6,2.02006882166831
"GRAS10","GRAS","G","40.91183543, -3.86577679",1126.63,5.5872,2,5,5,0,98,98,-60,-60,-60,201.482488475561,24,23.52,3,46.3,20.9,10.3,785.3,15.9,19.4,100.3071823,128.1275024,651.7906494,5.30682,-0.43197,2,3,21,8.23090889039677,2,1.64938488846612
"GTRA01","GTRA","G","40.30862, -5.72494",2200.22,4.85,0,100,100,0,65,100,-17,-12,-14.5,21.0702439692666,2.6,1.69,4,74.5,34.4,6,1144.9,12.8,17.9,81.9114838,106.4843445,461.4933167,0.59315,0.43632,4,2,3,1.5208117532239,1,1
"GTRA02","GTRA","G","40.30855, -5.725",2200.17,5.14,0,6,6,0,98,100,-35,-28,-31.5,152.471718499338,5.4,5.292,4,74.5,34.4,6,1144.9,12.8,17.9,81.02285,105.5420914,444.3644409,0.43818,0.52431,5,2,6,2.38740652901393,2,1.25071836227823
"GTRA03","GTRA","G","40.30856, -5.72548",2200.65,5.44,2,95,95,0,90,98,0,0,0,20.7328575888523,6.2,5.58,5,74.5,34.4,6,1120.6,12.8,17.9,81.02285,105.5420914,444.3644409,0.45394,0.56952,4,4,4,1.80650157987784,6,1.17575129619448
"GTRA04","GTRA","G","40.30839, -5.72597",2201.97,5.74,5,70,70,0,60,95,0,1,0.5,18.3649244003451,0.65,0.39,4,74.5,34.4,6,1120.6,12.8,17.9,81.02285,105.5420914,444.3644409,0.45394,0.56952,4,4,3,2.51486946235743,2,1.13691528613551
"GTRA05","GTRA","G","40.30852, -5.72607",2202.96,4.86,1,98,2,97,88,99,-7,-7,-7,64.1824589165359,3.85,3.388,6,74.5,34.4,6,1120.6,12.8,17.9,81.02285,105.5420914,444.3644409,0.45394,0.56952,4,2,4,2.19234607345145,2,1.03356200588778
"GTRA06","GTRA","G","40.30816, -5.72601",2202.33,5.34,25,1,1,0,74,74,-1,-1,-1,22.4047622182441,4.8,3.552,4,74.5,34.4,6,1120.6,12.8,17.9,79.4447556,104.5775833,433.8304443,0.29086,0.65694,5,3,1,1,3,3
"GTRA07","GTRA","G","40.30807, -5.72618",2203.49,5.03,30,10,10,0,68,70,-7,-7,-7,86.7429424902185,3.1,2.108,5,74.5,34.4,6,1120.6,12.8,17.9,79.4447556,104.5775833,433.8304443,0.29086,0.65694,4,4,5,2.85564477592969,2,1.25071836227823
"GTRA08","GTRA","G","40.30817, -5.7262",2204.05,5.05,0,99,99,0,96,100,-8,-8,-8,35.8895342259132,2.5,2.4,4,74.5,34.4,6,1120.6,12.8,17.9,79.4447556,104.5775833,433.8304443,0.29086,0.65694,4,4,4,2.35977969033841,1,1
"GTRA09","GTRA","G","40.30791, -5.72713",2212.1,5.45,7,93,93,0,58,93,-7,-4,-5.5,54.7617012715748,2.1,1.218,6,72.8,32.6,5.9,1120.6,12.7,17.8,79.4447556,104.5775833,433.8304443,0.2824,0.7305,5,4,4,1.69536964972613,2,1.03356200588778
"GTRA10","GTRA","G","40.30772, -5.72808",2232.21,4.96,0,90,90,0,95,100,-35,-35,-35,66.1732910954603,2.7,2.565,3,72.8,32.6,5.9,1108.4,12.7,17.8,79.4447556,104.5775833,433.8304443,0.29031,0.7532,5,2,6,2.37769763516212,1,1
"PALI01","PALI","P","43.1688112, -4.7958579",1718.03,6.81,0,95,95,0,82,95,-5,-2,-3.5,569.9459463,9.1,7.462,5,82.4,63,5.7,1166.2,10.6,14.2,81.3118591,99.6824799,504.6994324,-1.0059,-0.19361,2,1,14,7.07261801747616,6,3.80183252662379
"PALI02","PALI","P","43.168173, -4.7939585",1702.04,6.59,35,25,25,0,60,65,-3,0,-1.5,469.910293187181,2.9,1.74,6,84.5,65.6,5.9,1166.2,10.8,14.4,81.3118591,99.6824799,504.6994324,-0.96319,-0.30968,2,1,14,7.49280907967979,4,1.40797253046627
"PALI03","PALI","P","43.1684552, -4.7927167",1686.7,7.47,15,80,80,0,40,85,-5,1,-2,569.988174338951,4.9,1.96,4,84.5,65.6,5.9,1075.8,10.8,14.4,81.3118591,99.6824799,504.6994324,-0.90455,-0.14149,2,2,12,5.07948604296338,3,2.3811015779523
"PALI04","PALI","P","43.1687729, -4.79233",1679.84,7.12,35,30,30,0,65,65,-4,3,-0.5,539.973525642631,2.7,1.755,6,79.7,61.2,6,1075.8,10.9,14.4,81.3118591,99.6824799,504.6994324,-0.77008,-0.03902,2,2,13,7.76481910592837,4,2.14861070042728
"PALI05","PALI","P","43.1701503, -4.7905773",1633.6,7.03,5,10,10,0,95,95,-30,-20,-25,1129.9674294249,3.6,3.42,5,79.6,61.5,6.2,1305.8,11.1,14.5,83.0763092,100.2713547,522.486145,-0.65655,-0.64965,2,3,15,8.1418320541082,1,1
"PALI06","PALI","P","43.1701766, -4.79071",1634.18,6.7,5,70,70,0,89,95,-1,0,-0.5,519.930365345208,5.6,4.984,3,79.6,61.5,6.2,1305.8,11.1,14.5,83.0763092,100.2713547,522.486145,-0.65655,-0.64965,2,3,16,5.92678211848291,4,1.71882139945089
"PALI07","PALI","P","43.1703606, -4.7916496",1639.45,7.07,2,15,15,0,98,98,-28,-18,-23,859.970295282467,4.4,4.312,4,79.6,61.5,6.2,1434.1,11.1,14.5,83.0763092,100.2713547,522.486145,-0.73977,-0.88836,2,3,14,3.92149787783707,2,1.25071836227823
"PALI08","PALI","P","43.1708471, -4.7925671",1651.15,7.19,1,50,50,0,90,95,-5,5,0,569.977466667407,6.4,5.76,4,81.2,63.3,6,1434.1,10.9,14.4,81.3118591,99.6824799,504.6994324,-1.04319,-0.75762,2,1,16,7.10396872194702,5,2.88563943019078
"PALI09","PALI","P","43.1710587, -4.793442",1666.2,6.61,5,85,85,0,92,95,-10,-5,-7.5,579.914330658843,11.5,10.58,4,81.2,63.3,6,1434.1,10.9,14.4,81.3118591,99.6824799,504.6994324,-1.04319,-0.75762,1,1,18,3.36449388033714,3,2.04017443079165
"PALI10","PALI","P","43.1691117, -4.7929377",1678.22,6.86,10,70,70,0,50,75,-2,1,-0.5,529.951824589165,3.3,1.65,4,84.5,65.6,5.9,1075.8,10.8,14.4,81.3118591,99.6824799,504.6994324,-0.90455,-0.14149,2,1,11,7.18529247851847,4,2.11340789492616
"PCCA01","PCCA","P","43.1041234, -4.9367894",1730.05,4.62,0,80,0,80,60,100,-20,-15,-17.5,132.428073112622,8.5,5.1,2,78.7,58.2,5.5,1468.9,10.6,14.2,81.3124542,99.6343155,491.6986694,-1.1913,-0.55163,4,2,6,3.02518215772353,1,1
"PCCA02","PCCA","P","43.1041317, -4.9370742",1729.67,6.39,5,2,2,0,92,95,-20,-15,-17.5,315.857824283046,5.85,5.382,5,78.7,58.2,5.5,1434.9,10.6,14.2,81.3124542,99.6343155,491.6986694,-1.16925,-0.48837,5,3,9,2.44938005941105,2,2
"PCCA03","PCCA","P","43.1040292, -4.9364318",1733.86,4.85,0,90,0,90,90,100,-19,-19,-19,92.8702439692666,5,4.5,1,84.1,63.1,5.4,1468.9,10.5,14.1,81.3124542,99.6343155,491.6986694,-1.35495,-0.66872,3,2,9,5.02582471118042,6,2.03464399366668
"PCCA04","PCCA","P","43.1046722, -4.9367788",1733.02,5.27,0,80,0,80,90,100,-20,-20,-20,113.325759030668,5.35,4.815,4,78.7,58.2,5.5,1662.6,10.6,14.2,81.3124542,99.6343155,491.6986694,-1.31694,-0.91202,3,2,17,7.03909455715649,3,2.04088999650033
"PCCA05","PCCA","P","43.1044838, -4.9381327",1729.47,6.67,20,80,65,15,60,80,-2,2,0,201.925385123076,2.7,1.62,2,76.1,56.3,5.7,1532.9,10.7,14.3,81.3124542,99.6343155,491.6986694,-1.11973,-0.65083,6,1,13,6.88883051691163,5,3.88998323336117
"PCCA06","PCCA","P","43.1047695, -4.9367003",1735.94,4.84,15,80,0,80,65,85,-10,0,-5,110.955415200097,3.1,2.015,3,78.7,58.2,5.5,1662.6,10.6,14.2,81.3124542,99.6343155,491.6986694,-1.31694,-0.91202,3,2,12,5.82007133807644,2,1.94267157559583
"PCCA07","PCCA","P","43.1069438, -4.9369705",1743.67,5.95,5,40,40,0,90,95,-10,-5,-7.5,232.608415559449,11,9.9,2,77.4,56.8,5.5,1492.1,10.6,14.2,81.3124542,99.6343155,491.6986694,-1.17593,-0.55693,2,3,15,5.65513588312786,4,2.89543014317912
"PCCA08","PCCA","P","43.1069335, -4.9368123",1744.42,6.83,5,35,35,0,95,95,-5,-5,-5,351.948379117253,11.3,10.735,3,77.4,56.8,5.5,1552,10.6,14.2,81.3124542,99.6343155,491.6986694,-1.21478,-0.66838,2,1,14,6.86556451090307,4,2.43223555425007
"PCCA09","PCCA","P","43.1071599, -4.9383742",1710.43,6.81,5,50,50,0,90,95,-20,-20,-20,355.9459463,19.3,17.37,3,76.4,56.6,5.8,1492.1,10.8,14.4,81.3124542,99.6343155,491.6986694,-1.05214,-0.60783,2,3,23,11.2873944717472,5,3.09670201523674
"PCCA10","PCCA","P","43.1071981, -4.9379817",1719.22,6.5,0,25,25,0,100,100,-15,-10,-12.5,390.88963650966,11.3,11.3,2,77.4,56.8,5.5,1492.1,10.6,14.2,81.3124542,99.6343155,491.6986694,-1.17593,-0.55693,2,1,23,8.346475088431,3,1.5183610185529
"PCCO01","PCCO","P","43.28805, -4.992988",846.4,5.49,10,60,0,60,88,90,-6,2,-2,118.670658137316,4.9,4.312,6,65.9,55.3,9.5,1412.6,13.9,16.8,89.4732971,107.0613098,636.3378906,1.90321,-1.95613,3,2,15,6.66448685998627,2,1.05194998940471
"PCCO02","PCCO","P","43.28888, -4.991425",870.23,4.89,2,98,0,98,85,98,-1,1,0,78.104009064591,5.9,5.015,5,68.1,56,9.5,1373.4,13.9,16.8,89.5895691,106.4690781,635.6503906,1.87411,-1.93001,3,2,4,2.09918113869842,1,1
"PCCO03","PCCO","P","43.287394, -4.991946",840.92,4.82,1,88,25,63,80,99,-40,-30,-35,183.017671242958,1.45,1.16,5,65.9,55.3,9.5,1412.6,13.9,16.8,89.4732971,107.0613098,636.3378906,1.90321,-1.95613,3,2,12,6.28614446630366,9,4.52144685481525
"PCCO04","PCCO","P","43.28686, -4.991429",838.45,4.75,10,88,0,88,60,90,-1,2,0.5,61.9938048589642,4.8,2.88,4,65.9,55.3,9.5,1421.3,13.9,16.8,89.5895691,106.4690781,635.6503906,1.87521,-1.98353,4,2,8,2.78648532671581,3,1.97933700512351
"PCCO05","PCCO","P","43.28677, -4.989197",840.94,4.58,9,90,0,90,66,91,-5,1,-2,39.6203647082851,3.8,2.508,6,66.2,55.6,9.6,1384.7,13.9,16.8,89.5895691,106.4690781,635.6503906,1.90697,-1.9397,3,2,11,5.06534315681428,5,4.16663302432606
"PCCO06","PCCO","P","43.285573, -4.988701",838.63,4.84,0,99,2,97,75,100,-50,-50,-50,124.955415200097,1.75,1.3125,5,66.2,55.6,9.6,1384.7,13.9,16.8,89.5895691,106.4690781,635.6503906,1.90697,-1.9397,3,2,14,8.63118611501674,8,2.88063623724061
"PCCO07","PCCO","P","43.284293, -4.984985",842.83,5.89,1,75,75,0,99,99,-20,-10,-15,193.850400906459,9.2,9.108,6,67.4,57,9.7,1394.2,13.9,16.8,89.5895691,106.4690781,635.6503906,1.88625,-2.01009,2,3,21,11.4480454387632,2,1.97003009073314
"PCCO08","PCCO","P","43.282315, -4.991515",841.89,6.77,0,95,95,0,80,100,-1,-1,-1,292.940731296529,34.3,27.44,0,72.9,62,9.6,1689.1,14,16.9,89.0859909,105.6650162,621.6697388,1.47835,-2.63317,2,3,9,2.9898863570537,4,1.96477920181184
"PCCO09","PCCO","P","43.283601, -4.99456",841.43,6.22,8,85,85,0,85,92,-21,-5,-13,268.78970670446,8,6.8,6,69.7,58.6,9.6,1591,14,16.8,89.4732971,107.0613098,636.3378906,1.7388,-2.40942,2,3,20,5.17307372787819,2,1.39592909584038
"PCCO10","PCCO","P","43.28799, -4.992728",844.76,4.3,1,85,7,78,50,99,-36,-25,-30.5,92.1085655464082,1.6,0.8,5,65.9,55.3,9.5,1412.6,13.9,16.8,89.4732971,107.0613098,636.3378906,1.90321,-1.95613,3,2,15,5.02473178138849,5,2.80716622888675
"PCER01","PCER","P","43.2715815, -4.9804398",1115.7,6.54,0,95,95,0,100,100,-1,-1,-1,195.499347300541,28.4,28.4,0,76.4,62.4,8.5,1476.2,12.9,16,86.0828018,104.1688614,597.5275879,0.76775,-1.82363,2,3,19,7.19097042305421,1,1
"PCER02","PCER","P","43.2703965, -4.9794551",1118.26,6.93,10,0,0,0,90,90,-50,-50,-50,334.208996075333,25,22.5,4,76.8,63.5,8.4,1435.8,12.8,15.9,86.0828018,104.1688614,597.5275879,0.72897,-1.74695,2,0,17,6.22073469060829,0,0
"PCER03","PCER","P","43.2677179, -4.979733",1112.02,6.8,0,85,85,0,100,100,-15,-8,-11.5,373.944687227583,16.3,16.3,3,76.1,62.5,8.3,1453,12.7,16,86.0828018,104.1688614,597.5275879,0.72281,-1.73053,2,3,19,7.97483914787301,2,1.68485794206712
"PCER04","PCER","P","43.2675173, -4.9796788",1114.29,7.56,30,15,15,0,70,70,-30,-30,-30,322.990387741825,8.7,6.09,5,76.1,62.5,8.3,1453,12.7,16,86.0828018,104.1688614,597.5275879,0.72281,-1.73053,2,1,19,7.6594541879219,4,2.27632151968323
"PCER05","PCER","P","43.2665768, -4.9799945",1111.3,5.72,0,40,40,0,100,100,-30,-25,-27.5,153.134994209431,13.9,13.9,6,74.6,61.4,8.2,1440.5,12.7,15.9,86.0335083,103.3174896,589.3792725,0.65609,-1.63502,2,2,17,7.66200229471725,1,1
"PCER06","PCER","P","43.2662521, -4.9796124",1113.29,6.67,0,1,1,0,100,100,-10,-10,-10,544.925385123076,33.1,33.1,0,74.6,61.4,8.2,1440.5,12.7,15.9,86.0335083,103.3174896,589.3792725,0.65609,-1.63502,2,2,15,7.34293842184895,2,2
"PCER07","PCER","P","43.270295, -4.980919",1113.09,6.37,2,10,10,0,98,98,-47,-47,-47,268.851123747938,5.6,5.488,5,75.9,62.1,8.4,1435.8,12.8,15.9,86.0828018,104.1688614,597.5275879,0.75501,-1.7134,2,0,17,6.76566102605416,0,0
"PCER08","PCER","P","43.268326, -4.982453",1114.92,6.98,40,15,15,0,55,60,-15,5,-5,370.963455213673,5,2.75,3,73.6,59.7,8.2,1461.1,12.6,15.9,86.0828018,104.1688614,597.5275879,0.72942,-1.64638,1,2,15,7.02289054522566,5,4
"PCER09","PCER","P","43.265141, -4.981875",1111.19,5.95,0,95,95,0,97,100,-2,-2,-2,149.408415559449,10,9.7,4,72.1,58.7,8.2,1481.2,12.6,15.9,86.0335083,103.3174896,589.3792725,0.67199,-1.62953,2,3,9,4.84187984309509,2,1.35293700284448
"PCER10","PCER","P","43.267053, -4.98195",1111.17,6.22,0,40,40,0,100,100,-20,-20,-20,166.18970670446,30,30,1,73.1,59.7,8.2,1442.7,12.6,15.9,86.0828018,104.1688614,597.5275879,0.74682,-1.60677,2,3,20,9.50379720023821,2,2
"PFRI01","PFRI","P","43.035242, -4.696987",1741.45,5.68,5,90,17,73,40,95,-3,0,-1.5,89.2708356503319,4.8,1.92,1,68.9,46,5.7,1215.1,10.8,14.4,81.1531372,100.1047363,498.1891785,-0.64366,0.17243,4,2,7,2.92605002460992,4,3.10337119322542
"PFRI02","PFRI","P","43.035339, -4.696741",1741.57,4.27,0,100,5,95,20,100,-30,-25,-27.5,81.2575903066782,1.2,0.24,1,68.9,46,5.7,1215.1,10.8,14.4,81.1531372,100.1047363,498.1891785,-0.64366,0.17243,3,2,5,2.58824706895879,5,1.29729320046722
"PFRI03","PFRI","P","43.0372, -4.6975",1740.71,4.35,0,30,3,27,95,100,-30,-30,-30,174.410742633931,9.4,8.93,0,68.7,45.3,5.6,1234.4,10.7,14.4,81.1531372,100.1047363,498.1891785,-0.67695,0.17482,4,2,7,2.88402472015762,2,1.64938488846612
"PFRI04","PFRI","P","43.0368, -4.69679",1740.89,5.17,1,99,4,95,40,99,-6,-6,-6,137.640470415882,4.35,1.74,5,68.7,45.3,5.6,1234.4,10.7,14.4,81.1531372,100.1047363,498.1891785,-0.67695,0.17482,4,2,13,6.89954110484611,4,1.17913912911484
"PFRI05","PFRI","P","43.03409, -4.696824",1756.55,5.84,5,50,25,25,90,95,-10,3,-3.5,239.49554152001,6.6,5.94,2,68.9,46,5.7,1204.6,10.8,14.4,81.1531372,100.1047363,498.1891785,-0.63685,0.19196,3,1,13,6.19017829198233,7,4.42291058690742
"PFRI06","PFRI","P","43.035206, -4.695304",1751.42,5.33,0,75,35,40,98,100,-7,-7,-7,138.367604356908,7.1,6.958,3,68.9,46,5.7,1256.8,10.8,14.4,81.1531372,100.1047363,498.1891785,-0.67071,0.09484,3,3,19,6.24678386940034,8,1.85157166915744
"PFRI07","PFRI","P","43.030025, -4.695217",1741.1,6.65,0,75,40,35,95,100,-15,-15,-15,179.921868632264,15.8,15.01,1,72.2,47.6,5.6,1224.5,10.7,14.3,81.0475082,100.0053711,498.6393127,-0.7599,0.11735,1,3,20,4.71808372736865,5,1.94432442585711
"PFRI08","PFRI","P","43.0315016, -4.6929362",1762.96,3.81,0,90,5,85,45,100,-50,-40,-45,55.9462999999544,2.5,1.125,5,67.8,44.9,5.7,1132.9,10.8,14.4,81.0475082,100.0053711,498.6393127,-0.57323,0.35659,3,2,5,3.32187692743886,6,1.25497204791564
"PFRI09","PFRI","P","43.031525, -4.693911",1761.82,5.69,10,70,67,3,90,90,-4,-4,-4,129.28743345731,45,40.5,3,67.8,44.9,5.7,1132.9,10.8,14.4,81.0475082,100.0053711,498.6393127,-0.57323,0.35659,1,3,12,4.37160097276566,3,1.1842327278603
"PFRI10","PFRI","P","43.029865, -4.695413",1732.32,6,0,90,60,30,100,100,-5,-5,-5,249.651,16.6,16.6,2,72.2,47.6,5.6,1224.5,10.7,14.3,81.0475082,100.0053711,498.6393127,-0.7599,0.11735,1,3,14,2.7376211277668,5,2.23586224559033
"PLIO01","PLIO","P","43.1503903, -4.8459832",1870.05,7.07,0,95,95,0,15,100,-25,-20,-22.5,1399.97029528247,4.55555555555556,0.683333333333333,0,80.7,61.7,4.2,1246.3,9.4,13.2,77.3275757,96.6677856,424.7815247,-2.26542,0.46627,2,3,14,4.78937758430561,4,1.44436216861774
"PLIO02","PLIO","P","43.1502099, -4.845923",1872.86,7.01,3,85,85,0,55,86,-2,0.5,-0.75,479.965894420989,4.1,2.255,0,80.7,61.7,4.2,1246.3,9.4,13.2,77.3275757,96.6677856,424.7815247,-2.26542,0.46627,2,1,10,4.66359640439253,3,1.55765238754581
"PLIO03","PLIO","P","43.1509543, -4.8443674",1871.38,6.02,0,75,75,0,100,100,-5,0,-2.5,749.666707587479,9,9,3,84.3,65.4,4.6,1415,9.7,13.5,77.3275757,96.6677856,424.7815247,-2.29861,-0.03907,4,3,12,3.49923027340064,4,1.13466946699174
"PLIO04","PLIO","P","43.1534966, -4.8412915",1878.4,6.89,0,85,85,0,97,97,-2,-2,-2,719.955040090646,19.2,18.624,3,79.1,62.4,4.8,1416.4,9.9,13.6,76.5803604,96.5789719,425.9061584,-2.16533,0.0393,2,3,8,3.84301317066306,1,1
"PLIO05","PLIO","P","43.1533591, -4.8416474",1878.24,6.43,6,0,0,0,92,92,2,3,2.5,569.870334205045,5.3,4.876,2,79.1,62.4,4.8,1416.4,9.9,13.6,76.5803604,96.5789719,425.9061584,-2.16533,0.0393,5,0,4,2.10071459659347,0,0
"PLIO06","PLIO","P","43.1534007, -4.8419098",1878.02,6.97,0,80,80,0,100,100,-8,-8,-8,849.962603976247,22.3,22.3,0,79.1,62.4,4.8,1416.4,9.9,13.6,77.3275757,96.6677856,424.7815247,-2.12899,0.01665,2,3,15,3.31056349919811,5,1.28287656574695
"PLIO07","PLIO","P","43.1551563, -4.8414471",1922.53,7.26,20,70,70,0,50,75,-3,1,-1,509.980821023502,4.3,2.15,1,71.6,57.1,4.9,1481.3,10,13.7,76.5803604,96.5789719,425.9061584,-2.01617,0.06505,2,1,12,5.48172030463214,3,1.08847548085472
"PLIO08","PLIO","P","43.1549826, -4.8451485",1898.05,6.95,0,40,40,0,100,100,-40,-30,-35,809.960841555945,8,8,4,70.3,56,5,1599.3,10.1,13.7,77.3275757,96.6677856,424.7815247,-1.99836,-0.16861,2,1,13,3.81791819718019,3,1.98877838601116
"PLIO09","PLIO","P","43.1510657, -4.8483786",1866.79,6.89,0,70,70,0,70,100,-1,-1,-1,579.955040090646,4,2.8,6,82.4,64.9,4.7,1430.8,9.8,13.5,77.3275757,96.6677856,424.7815247,-2.25123,-0.06371,2,3,10,2.65606947539705,5,1.78886717570618
"PLIO10","PLIO","P","43.1509389, -4.8484791",1865.5,6.97,0,30,30,0,100,100,-30,-30,-30,469.962603976247,5.7,5.7,3,82.4,64.9,4.7,1430.8,9.8,13.5,77.3275757,96.6677856,424.7815247,-2.25123,-0.06371,2,4,17,5.0055334895874,3,1.98877838601116
"PRON01","PRON","P","43.372318, -4.669703",251.33,4.5,2,93,0,93,45,98,-45,-45,-45,188.063650966012,12.7,5.715,3,74.6,69.3,13.1,1235.5,17.1,19.3,94.1762238,111.4350128,707.2235718,3.94711,-3.20212,3,2,12,5.24351063498848,5,1.43342284443703
"PRON02","PRON","P","43.372241, -4.669628",252,4.4,4,40,5,35,88,96,-40,-40,-40,200.106059747683,4.8,4.224,5,74.6,69.3,13.1,1235.5,17.1,19.3,94.1762238,111.4350128,707.2235718,3.94711,-3.20212,3,2,10,4.12833539574673,7,3.30254774925619
"PRON03","PRON","P","43.372281, -4.671014",253.35,4.44,2,80,0,80,40,98,-50,-50,-50,147.328575888523,5.6,2.24,3,77.3,71.5,13.1,1235.5,17.1,19.3,94.1762238,111.4350128,707.2235718,3.89212,-3.26869,3,2,9,6.24965430793921,3,1.95760780204347
"PRON04","PRON","P","43.37135, -4.670674",259.2,3.95,1,92,2,90,90,99,-60,-60,-60,176.841555944861,9.6,8.64,5,77.3,71.5,13.1,1235.5,17.1,19.3,94.1762238,111.4350128,707.2235718,3.89212,-3.26869,3,2,8,3.78423033257416,6,3.3330861282133
"PRON05","PRON","P","43.371339, -4.66903",255.4,4.18,1,85,0,85,40,99,-40,-40,-40,126.341798664535,3.4,1.36,3,74.6,69.3,13.1,1235.5,17.1,19.3,94.1762238,111.4350128,707.2235718,3.94711,-3.20212,3,2,11,6.06016721053949,4,2.70835881871136
"PRON06","PRON","P","43.372478, -4.668077",249.86,4.11,5,70,3,67,88,95,-50,-50,-50,109.508975629659,5.6,4.928,6,74.6,69.3,13.1,1212.5,17.1,19.3,94.1762238,111.4350128,707.2235718,3.96203,-3.15933,3,2,6,2.66759200297323,8,2.01021215172099
"PRON07","PRON","P","43.369969, -4.668185",244.64,4.17,6,90,5,85,60,94,-50,-50,-50,114.20470415882,4.1,2.46,3,75.9,70,13.2,1386,17.2,19.3,94.1762238,111.4350128,707.2235718,3.85823,-3.53227,3,2,13,4.73919806300258,8,3.08016724760678
"PRON08","PRON","P","43.370392, -4.66849",247.33,3.67,27,40,0,40,65,73,-50,-50,-50,221.385123076372,3.5,2.275,6,75.9,70,13.2,1386,17.2,19.3,94.1762238,111.4350128,707.2235718,3.85823,-3.53227,1,2,4,2.16578249515851,3,1.35362948901525
"PRON09","PRON","P","43.371147, -4.666408",253.16,4.27,5,93,0,93,45,95,-7,4,-1.5,86.1575903066782,7.6,3.42,2,75.3,70.2,13.2,1386,17.3,19.4,95.3191223,112.0305557,714.5864868,4.00821,-3.60177,3,2,8,3.08112677671501,4,1.58585628320036
"PRON10","PRON","P","43.3711, -4.665774",252.98,3.96,0,92,2,90,45,100,-45,-45,-45,118.232910954603,5.9,2.655,3,75.3,70.2,13.2,1362.9,17.3,19.4,95.3191223,112.0305557,714.5864868,4.02319,-3.55879,3,2,6,2.90263392021451,5,1.67113206588674
"PRVA01","PRVA","P","43.087133, -5.16377",1267.35,6,15,8,8,0,85,85,-1,2,0.5,322.651,23.7,20.145,0,70.7,51.4,7.8,1490.5,12.7,16,87.6111145,105.4199677,578.3550415,0.86274,-1.43429,1,3,10,5.08248272554515,4,4
"PRVA02","PRVA","P","43.087164, -5.163931",1268.15,5.84,0,75,50,25,75,100,-19,-19,-19,201.49554152001,8.85,6.6375,2,70.7,51.4,7.8,1490.5,12.7,16,87.6111145,105.4199677,578.3550415,0.86274,-1.43429,1,2,17,8.87541544762023,8,3.32721689621848
"PRVA03","PRVA","P","43.087268, -5.164708",1269.77,5.96,60,5,5,0,40,40,-2,4,1,184.117329109546,11.5,4.6,6,70.7,51.4,7.8,1490.5,12.7,16,87.6111145,105.4199677,578.3550415,0.86274,-1.43429,1,3,8,4.73809363237218,4,4
"PRVA04","PRVA","P","43.084811, -5.161933",1269.66,6.46,3,5,5,0,100,100,-4,0,-2,341.878988839192,34.4,34.4,1,68.2,49.6,7.8,1516.2,12.7,16,87.6111145,105.4199677,578.3550415,0.89424,-1.42452,2,3,9,1.2909843913228,3,1.53088875019617
"PRVA05","PRVA","P","43.084781, -5.161998",1271.84,6.37,35,5,5,0,65,65,-10,-10,-10,254.851123747938,8.3,5.395,3,68.2,49.6,7.8,1516.2,12.7,16,87.6111145,105.4199677,578.3550415,0.89424,-1.42452,2,2,14,5.98670061918203,4,3.29876977693224
"PRVA06","PRVA","P","43.084811, -5.161933",1269.66,6.8,2,85,85,0,98,98,-17,-17,-17,256.944687227583,2.65,2.597,1,68.2,49.6,7.8,1516.2,12.7,16,87.6111145,105.4199677,578.3550415,0.89424,-1.42452,2,3,19,7.58408134966602,4,2.9133931513396
"PRVA07","PRVA","P","43.08568, -5.162877",1268.26,5.32,5,90,40,50,95,95,-6,-1,-3.5,128.829580977794,5.4,5.13,1,68.4,49.8,7.8,1486.9,12.7,16,87.6111145,105.4199677,578.3550415,0.90875,-1.37556,1,2,18,10.8523567215738,6,2.503334138464
"PRVA08","PRVA","P","43.087333, -5.166378",1272.74,6.06,40,50,50,0,60,60,-10,-2,-6,173.196033707105,6.3,3.78,5,69,50.5,7.8,1473.4,12.7,16,87.6111145,105.4199677,578.3550415,0.90284,-1.36884,2,1,17,7.56585615958798,6,2.79182540777324
"PRVA09","PRVA","P","43.087988, -5.167054",1276.07,7.15,40,30,30,0,60,60,-5,-1,-3,336.975292692125,5.8,3.48,3,69,50.5,7.8,1551.7,12.7,16,87.0664062,104.1483841,573.4263306,0.75032,-1.49425,2,3,18,8.4799145150919,7,5.53917257678574
"PRVA10","PRVA","P","43.087757, -5.167628",1289.8,6.13,10,75,75,0,90,90,-9,-2,-5.5,126.441282725786,17.2,15.48,3,69,50.5,7.8,1487.1,12.7,16,87.0664062,104.1483841,573.4263306,0.79223,-1.37405,2,3,18,3.94218447905578,4,2.25860389622362
"PSVB01","PSVB","P","43.166927, -4.99835",1306.94,3.73,0,100,1,99,3,100,-50,-50,-50,48.3131589304659,2,0.06,1,77.4,61.5,7.8,1543.4,12.5,15.8,85.722702,104.1029205,575.8997192,0.41171,-1.69873,3,2,6,1.44198075431255,3,1.14245088629125
"PSVB02","PSVB","P","43.165036, -4.999206",1365.6,3.88,10,87,0,87,75,89,-2,-2,-2,125.992839824381,4.1,3.075,5,79,61.6,7.5,1559.9,12.2,15.6,85.2743607,102.7991943,559.7225342,0.11092,-1.61354,3,2,7,2.23588728723778,4,2.63147557589566
"PSVB03","PSVB","P","43.163419, -4.999837",1390.4,4.98,0,100,0,100,80,100,-10,-7,-8.5,78.6455213673024,5.3,4.24,3,80.9,63.2,7.3,1601.4,12.1,15.4,85.2743607,102.7991943,559.7225342,-0.03477,-1.69762,4,2,9,3.67768825798292,3,1.07714492243054
"PSVB04","PSVB","P","43.168262, -4.999531",1262.66,5.04,6,92,2,90,83,94,-4,-1,-2.5,41.0170821706479,12.05,10.0015,6,74.3,58.5,7.8,1557.4,12.5,15.8,85.722702,104.1029205,575.8997192,0.47125,-1.64026,3,2,11,5.70810347258503,6,1.8508447218085
"PSVB05","PSVB","P","43.167431, -5.001468",1276.51,7.21,1,60,60,0,99,99,-10,-5,-7.5,422.978480834435,57.7,57.123,2,76.9,60.4,7.7,1546.8,12.4,15.7,85.2221375,103.4495773,565.1759033,0.28286,-1.60442,2,1,16,3.59584864094463,6,2.03464399366668
"PSVB06","PSVB","P","43.167107, -5.00452",1299.46,6.78,0,4,4,0,100,100,-10,-10,-10,221.94208041693,17.4,17.4,2,80.5,63.9,7.7,1570.4,12.4,15.7,85.2221375,103.4495773,565.1759033,0.18767,-1.74675,2,3,16,7.9889075504473,5,5
"PSVB07","PSVB","P","43.167941, -5.006856",1312.57,5.6,5,85,85,0,92,95,-2,0,-1,227.123351635403,10.7,9.844,6,75.9,59.8,7.7,1539.1,12.4,15.7,85.2221375,103.4495773,565.1759033,0.30573,-1.5691,1,0,15,4.8582621699514,0,0
"PSVB08","PSVB","P","43.168135, -5.006728",1313.25,5.87,3,93,68,25,90,97,-6,-2,-4,136.929211953976,5.8,5.22,6,75.9,59.8,7.7,1539.1,12.4,15.7,85.2221375,103.4495773,565.1759033,0.30573,-1.5691,1,2,22,11.379968585557,9,3.31510748033538
"PSVB09","PSVB","P","43.168619, -5.00602",1313.66,6.57,4,82,82,0,70,86,-7,-1,-4,329.906065435343,2.65,1.855,6,77.3,60.9,7.8,1539.1,12.5,15.7,85.2221375,103.4495773,565.1759033,0.30875,-1.62713,1,1,13,5.25011628646123,4,2.0548821172684
"PSVB10","PSVB","P","43.167404, -5.007624",1312.33,7.39,1,30,30,0,99,99,-50,-40,-45,526.985782428305,4.8,4.752,5,78.5,60.9,7.5,1554.5,12.2,15.5,85.2221375,103.4495773,565.1759033,0.15881,-1.59534,1,3,13,4.649537476719,2,1.08492451262042
"PTOL01","PTOL","P","43.2538767, -4.9701862",1316.82,7.08,5,40,40,0,95,95,-1,0,-0.5,503.970971444389,10.1,9.595,4,84.5,68.1,7.5,1556.4,12.1,15.4,84.2636566,101.8401108,565.3255615,-0.14033,-1.76739,2,3,13,4.98390573135793,2,1.08492451262042
"PTOL02","PTOL","P","43.2543561, -4.9703459",1311.41,6.92,18,70,70,0,65,82,-7,5,-1,443.958040971232,8.4,5.46,5,84.5,68.1,7.5,1556.4,12.1,15.4,84.2636566,101.8401108,565.3255615,-0.14033,-1.76739,2,3,13,4.63718584531587,4,1.27777003110592
"PTOL03","PTOL","P","43.2536158, -4.9711901",1308.46,6.74,0,95,95,0,70,100,-5,0,-2.5,309.936492440034,23.9,16.73,0,84.5,68.1,7.5,1515.9,12.1,15.4,84.2636566,101.8401108,565.3255615,-0.11406,-1.69203,2,3,14,5.86791453406808,4,1.64293875517149
"PTOL04","PTOL","P","43.2541015, -4.9709558",1309.13,6.93,0,40,40,0,99,100,-75,-75,-75,561.958996075333,5.9,5.841,4,84.5,68.1,7.5,1556.4,12.1,15.4,84.2636566,101.8401108,565.3255615,-0.14033,-1.76739,2,3,17,6.77844367751452,5,1.56096156897294
"PTOL05","PTOL","P","43.2545975, -4.9719328",1305.99,5.87,5,2,2,0,95,95,0,5,2.5,127.029211953976,40,38,0,84.5,68.1,7.5,1515.9,12.1,15.4,84.2636566,101.8401108,565.3255615,-0.11406,-1.69203,2,2,8,3.70930569131824,3,2.62469033904626
"PTOL06","PTOL","P","43.2541281, -4.9718126",1307.1,6.88,25,35,35,0,70,75,-2,-2,-2,343.953992839824,7.7,5.39,6,84.5,68.1,7.5,1515.9,12.1,15.4,84.2636566,101.8401108,565.3255615,-0.11406,-1.69203,2,1,15,5.58740054867786,7,3.789291416276
"PTOL07","PTOL","P","43.2549735, -4.9721206",1305.59,6.26,0,5,5,0,100,100,-50,-50,-50,221.808210235024,13.6,13.6,1,82.6,67.7,7.7,1555.8,12.3,15.5,84.2636566,101.8401108,565.3255615,-0.03559,-1.78779,1,2,9,6.32852675653668,3,2.3811015779523
"PTOL08","PTOL","P","43.2552693, -4.9714563",1306.33,6.92,6,5,5,0,94,94,-6,-6,-6,337.958040971232,6.05,5.687,5,82.6,67.7,7.7,1555.8,12.3,15.5,84.2636566,101.8401108,565.3255615,-0.03559,-1.78779,1,2,13,4.92354574781351,4,3.17003282492367
"PTOL09","PTOL","P","43.2557685, -4.9724038",1305.44,6.96,10,50,50,0,60,70,-5,2,-1.5,508.961732910955,6.3,3.78,3,79.4,64.2,7.6,1555.8,12.1,15.5,84.2636566,101.8401108,565.3255615,-0.00743,-1.66118,2,1,12,7.36460647662168,5,1.46430368294478
"PTOL10","PTOL","P","43.2555271, -4.9722417",1305.02,6.48,15,9,9,0,85,85,-2,2,0,354.884435238603,12,10.2,1,82.6,67.7,7.7,1555.8,12.3,15.5,84.2636566,101.8401108,565.3255615,-0.03559,-1.78779,2,2,11,2.96506858469651,1,1
"PVLL01","PVLL","P","43.116088, -4.983639",1496.79,5.22,65,25,2,23,35,35,-1,-1,-1,256.8970670446,7.6,2.66,1,67.4,50.6,6.8,1397.9,11.7,15.1,84.0773926,101.3873367,536.4836426,-0.01431,-0.72814,3,2,13,7.32215748989974,1,1
"PVLL02","PVLL","P","43.117243, -4.98394",1489.71,5.11,4,10,6,4,90,96,-5,-5,-5,121.190897562966,64.3,57.87,0,67.4,50.6,6.8,1408.4,11.7,15.1,84.7326889,102.0822296,542.7868042,0.06711,-0.78702,2,2,7,2.39055478637939,4,3.17003282492367
"PVLL03","PVLL","P","43.116586, -4.98251",1491.63,4.8,0,30,15,15,45,100,-70,-70,-70,210.468722758311,20.7,9.315,0,65.6,48.3,6.9,1397.9,11.8,15.1,84.57901,102.6777496,554.21875,0.21614,-0.76377,3,2,11,5.06534315681428,5,2.13912366095603
"PVLL04","PVLL","P","43.117491, -4.983209",1481.49,4.83,2,90,0,90,50,98,-10,-10,-10,64.337911725293,11.9,5.95,6,67.4,50.6,6.8,1397.9,11.7,15.1,85.1442184,103.2464066,555.5395508,0.19663,-0.81597,4,2,8,4.2873361595668,1,1
"PVLL05","PVLL","P","43.117613, -4.982359",1481.61,4.86,0,90,5,85,65,96,-5,-5,-5,221.182458916536,16.2,10.53,0,65.6,48.3,6.9,1397.9,11.8,15.1,85.1442184,103.2464066,555.5395508,0.27399,-0.78159,3,2,11,2.61902298909218,6,4.54338388089211
"PVLL06","PVLL","P","43.117723, -4.982881",1478.99,4.9,1,95,0,95,70,99,-10,-10,-10,153.406350312838,30.4,21.28,0,69,52.1,6.9,1397.9,11.8,15.1,85.1442184,103.2464066,555.5395508,0.19283,-0.88297,2,2,8,2.1614066193175,1,1
"PVLL07","PVLL","P","43.118123, -4.982153",1475.91,4.48,3,65,5,60,80,97,-5,-5,-5,269.443523860258,18.6,14.88,0,68.5,51.1,6.9,1406.8,11.9,15.2,85.1442184,103.2464066,555.5395508,0.23721,-0.88574,3,2,6,2.46932394412402,3,1.35362948901525
"PVLL08","PVLL","P","43.118785, -4.981158",1465.98,4.8,0,99,20,79,10,100,-50,-50,-50,210.468722758311,5,0.5,0,68.5,51.1,6.9,1319.1,11.9,15.2,85.1442184,103.2464066,555.5395508,0.2941,-0.72257,3,2,9,4.45128595735706,6,2.80913222452656
"PVLL09","PVLL","P","43.119812, -4.98032",1443.39,6.68,3,90,90,0,80,97,-10,-10,-10,361.927083565033,24,19.2,0,68.7,50.9,7,1405.2,11.9,15.2,85.1442184,103.2464066,555.5395508,0.25315,-0.89743,1,1,20,8.60789445394934,5,3.52550071744957
"PVLL10","PVLL","P","43.119748, -4.980437",1444.61,5.16,1,95,2,93,65,99,-30,-30,-30,152.085509911493,19.1,12.415,0,68.7,50.9,7,1405.2,11.9,15.2,85.1442184,103.2464066,555.5395508,0.25315,-0.89743,3,2,13,3.89379371162105,2,1.03356200588778
"NART01","NART","N","37.10155556, -3.06",2186.25,5.9399,20,40,40,0,65,80,-4,-2,-3,276.599202109597,2.1,1.365,5,58.4,28.3,7.9,749.9,13.7,18.6,88.1362228,120.1453094,568.6644897,2.97563,0.61792,0,2,0,0,1,1
"NART02","NART","N","37.10158333, -3.060055556",2184.59,5.5971,2,20,20,0,98,98,-16,-16,-16,241.117478230784,2.7,2.646,5,58.4,28.3,7.9,749.9,13.7,18.6,88.1362228,120.1453094,568.6644897,2.97563,0.61792,0,4,0,0,2,1.25071836227823
"NART03","NART","N","37.10158333, -3.060722222",2174.1,6.2118,0,10,10,0,100,100,-25,-20,-22.5,322.785698393381,2.15,2.15,3,58.4,28.3,7.9,749.9,13.7,18.6,88.1362228,120.1453094,568.6644897,2.97563,0.61792,0,4,0,0,2,1.64938488846612
"NART04","NART","N","37.10211111, -3.060611111",2156.13,6.1531,0,60,60,0,90,100,-10,-9,-9.5,236.754684252902,1.95,1.755,2,59.3,28.8,8.3,758.5,14.1,18.9,88.1362228,120.1453094,568.6644897,3.12913,0.48579,0,2,0,0,2,1.05194998940471
"NART05","NART","N","37.1025, -3.0605",2142.11,6.227,0,30,30,0,90,100,-5,-2,-3.5,69.8930690617216,2.6,2.34,3,59.3,28.8,8.3,758.5,14.1,18.9,88.1362228,120.1453094,568.6644897,3.12913,0.48579,0,2,0,0,2,2
"NART06","NART","N","37.102944, -3.06105555",2119.33,6.806,0,10,10,0,80,80,-15,-10,-12.5,235.945446147272,5,4,4,59.3,28.8,8.3,765.9,14.1,18.9,88.1362228,120.1453094,568.6644897,3.12434,0.47202,0,2,0,0,2,2
"NART07","NART","N","37.105, -3.061083333",2038.31,6.1368,0,15,15,0,100,100,-4,-2,-3,124.64530206319,4.15,4.15,3,54.4,26.3,8.7,810.1,14.4,19.2,88.1362228,120.1453094,568.6644897,3.33661,0.3955,0,4,0,0,2,2
"NCLV01","NCLV","N","37.04962216, -3.36889662",3099.04,5.92,0,98,98,0,85,100,-8,-6,-7,1131.58040971232,1.25,1.0625,0,46.4,12.2,3.2,503.8,9.9,15.2,72.4299545,105.5080566,401.527771,-0.52716,3.59534,6,1,10,3.88129467962708,3,2.42386382270748
"NCLV02","NCLV","N","37.05003056, -3.36762655",3089.01,6.1,25,50,50,0,66,75,-2,2,0,431.722779446081,1.3,0.858,0,53,18,3.6,700.6,10.2,15.5,70.1160278,103.5860519,387.315033,-0.89145,3.08466,6,4,6,2.10638239046788,3,2.73556085952051
"NCLV03","NCLV","N","37.04962609, -3.3679765",3075.8,5.88,0,85,85,0,90,100,-9,-9,-9,269.539928398244,3.25,2.925,1,46.4,12.2,3.2,700.6,9.9,15.2,72.4299545,105.5080566,401.527771,-0.65481,3.22917,5,4,8,2.88063623724061,4,1.61371972628922
"NCLV04","NCLV","N","37.04922347, -3.36832083",3064.24,5.8,12,0.5,0.5,0,88,88,0,0.5,0.25,230.446872275831,0.9,0.792,0,47.8,14,3.4,595,10.1,15.4,72.4299545,105.5080566,401.527771,-0.52669,3.33076,6,2,11,7.01265596591119,1,1
"NCLV05","NCLV","N","37.04900376, -3.36828758",3058.6,5.65,10,0,0,0,90,90,0,1,0.5,176.41868632264,2.55,2.295,0,47.8,14,3.4,595,10.1,15.4,72.4299545,105.5080566,401.527771,-0.52669,3.33076,6,0,6,2.31900635430226,0,0
"NCLV06","NCLV","N","37.04887615, -3.36833001",3057.09,5.64,0,5,5,0,100,100,-1,1,0,183.000487189184,3.25,3.25,0,47.8,14,3.4,595,10.1,15.4,72.4299545,105.5080566,401.527771,-0.52669,3.33076,5,4,5,2.15530919552438,2,2
"NCLV07","NCLV","N","37.04879677, -3.36818754",3055.94,5.28,0,5,5,0,99,100,-15,-10,-12.5,209.168421963728,2.2,2.178,0,47.8,14,3.4,595,10.1,15.4,72.4299545,105.5080566,401.527771,-0.52669,3.33076,5,2,7,3.61308894183552,2,1.64938488846612
"NCLV08","NCLV","N","37.04870745, -3.36817685",3055.36,6.12,3,90,90,0,50,97,-2,1,-0.5,133.935256426315,1.8,0.9,0,47.8,14,3.4,595,10.1,15.4,72.4299545,105.5080566,401.527771,-0.52669,3.33076,6,4,6,1.5303547496288,3,1.21996427813956
"NCLV09","NCLV","N","37.04855669, -3.36856254",3055.37,5.37,8,82,82,0,66,92,-6.5,-6.5,-6.5,180.711237479382,1.1,0.726,2,47.8,14,3.4,595,10.1,15.4,72.4299545,105.5080566,401.527771,-0.52669,3.33076,6,4,7,2.69258135146376,3,1.55765238754581
"NCLV10","NCLV","N","37.04759888, -3.36806738",3044.93,5.87,0,75,75,0,85,100,-8,-2,-5,445.529211953976,2.6,2.21,5,47.8,14,3.4,595,10.1,15.4,72.4299545,105.5080566,401.527771,-0.52669,3.33076,5,4,9,2.96263916985329,3,1.65061317880243
"NCMA01","NCMA","N","37.04990265, -3.32674243",2971.83,6.17,0,100,100,0,65,100,-3,0,-1.5,78.7640470415882,2.9,1.885,3,42.7,13.2,4,759.7,10.6,15.9,74.8423157,107.2088928,427.0659485,-0.01648,2.78598,5,1,5,3.3028261067728,3,2.02075336822021
"NCMA02","NCMA","N","37.0492766, -3.32563914",2955.81,6.2,5,0,0,0,95,95,-2,3.5,0.75,146.679795886776,4.16666666666667,3.95833333333333,3,45.8,14.4,4.2,749.7,10.7,16,74.8423157,107.2088928,427.0659485,0.00486,2.71028,5,2,6,2.02592067636448,1,1
"NCMA03","NCMA","N","37.04877386, -3.32487477",2929.96,6.07,0,50,50,0,100,100,-12,-12,-12,170.202952824667,2.65,2.65,4,45.9,18.8,4.4,749.7,10.8,16.1,73.4858856,105.898407,406.0230103,-0.19457,2.70944,5,4,12,3.44112581099705,2,1.19583527094272
"NCMA04","NCMA","N","37.04887579, -3.32506059",2935.37,6,5,30,30,0,92,95,-1,1,0,146.151,3.5,3.22,4,45.8,14.4,4.2,749.7,10.7,16,74.8423157,107.2088928,427.0659485,0.00486,2.71028,5,1,5,1.77220808146106,2,1.12664808309482
"NCMA05","NCMA","N","37.04815946, -3.32385246",2917.14,5.64,2,20,20,0,98,98,-15,-15,-15,92.500487189184,2.48,2.4304,3,45.9,18.8,4.4,896.1,10.8,16.1,73.4858856,105.898407,406.0230103,-0.28953,2.43705,5,4,6,2.77548884464244,3,1.53088875019617
"NCMA06","NCMA","N","37.04779729, -3.32452508",2917.47,5.5,2,45,45,0,98,98,-8,-8,-8,92.1963650966012,2.7,2.646,3,45.9,18.8,4.4,749.7,10.8,16.1,73.4858856,105.898407,406.0230103,-0.19457,2.70944,5,1,13,4.43592104599958,4,2.14861070042728
"NCMA07","NCMA","N","37.04720015, -3.32495474",2907.78,5.81,5,5,5,0,95,95,-10,-9,-9.5,101.859463,2.22,2.109,3,45.8,18.3,4.5,647.3,11,16.2,73.4858856,105.898407,406.0230103,-0.0571,2.87672,5,4,7,2.50097972300462,1,1
"NCMA08","NCMA","N","37.04653863, -3.32605762",2902.46,5.64,2,95,95,0,98,98,-5,-5,-5,99.200487189184,3.3,3.234,4,45.2,14.3,4.4,647.3,10.8,16.1,74.8423157,107.2088928,427.0659485,0.14165,2.86847,5,4,7,2.38069274430828,2,1.39592909584038
"NCMA09","NCMA","N","37.0483086, -3.32455626",2921.46,5.63,10,0,0,0,90,90,-2,5,1.5,49.7818641434533,4,3.6,1,45.9,18.8,4.4,749.7,10.8,16.1,73.4858856,105.898407,406.0230103,-0.19457,2.70944,5,0,2,1.95124998295872,0,0
"NCMA10","NCMA","N","37.04903247, -3.32541681",2948.12,6.69,10,90,90,0,70,90,-4,2,-1,154.528743345731,4.35,3.045,5,45.8,14.4,4.2,749.7,10.7,16,74.8423157,107.2088928,427.0659485,0.00486,2.71028,5,1,5,1.38811443488751,2,1.68485794206712
"NCPG01","NCPG","N","36.96630241, -3.33866665",2015.85,5.944,0,0,0,0,100,100,-50,-50,-50,248.982968077248,61.9,61.9,0,26.7,4.3,9.1,720.2,15.4,19.3,89.9687195,121.9764786,588.7310181,4.44328,0.96739,2,0,15,8.77152833976252,0,0
"NCPG02","NCPG","N","36.96553222, -3.33988881",1962.24,5.59,0,5,5,0,100,100,-20,-20,-20,186.102931871814,44.9,44.9,0,26.7,4.3,9.1,722.1,15.4,19.3,89.9687195,121.9764786,588.7310181,4.44205,0.96385,2,2,9,2.32198129453458,1,1
"NCPG03","NCPG","N","36.96567121, -3.33986506",1964.18,5.944,0,0,0,0,100,100,-50,-50,-50,248.982968077248,37.8,37.8,0,26.7,4.3,9.1,722.1,15.4,19.3,89.9687195,121.9764786,588.7310181,4.44205,0.96385,2,0,6,3.59034749523124,0,0
"NCPG04","NCPG","N","36.96556825, -3.33918416",1976.42,5.79,0,70,70,0,100,100,-10,-10,-10,330.433988276022,10.6,10.6,0,26.7,4.3,9.1,720.2,15.4,19.3,89.9687195,121.9764786,588.7310181,4.44328,0.96739,2,3,12,5.90776754671446,2,1.16182834482
"NCPG05","NCPG","N","36.96525261, -3.34033742",1951.41,6.08,0,0,0,0,100,100,-15,-10,-12.5,304.709714443885,24.5,24.5,0,26.7,4.3,9.1,722.1,15.4,19.3,89.9687195,121.9764786,588.7310181,4.44205,0.96385,5,0,12,3.81256660825941,0,0
"NCPG06","NCPG","N","36.96514303, -3.34026245",1949.19,5.56,0,0,0,0,100,100,-30,-20,-25,334.038774182535,37,37,0,26.7,4.3,9.1,722.1,15.4,19.3,89.9687195,121.9764786,588.7310181,4.44205,0.96385,2,0,12,4.38298785021741,0,0
"NCPG07","NCPG","N","36.96506544, -3.34162004",1925.88,6.16,0,0,0,0,100,100,0,0,0,234.758550991149,28.5,28.5,0,26.1,3.7,9.2,672.2,15.6,19.5,89.9687195,121.9764786,588.7310181,4.56892,1.04017,2,0,9,2.2752693667687,0,0
"NCPG08","NCPG","N","36.96480794, -3.34239633",1917.38,6.06,0,80,80,0,100,100,-3.5,-3.5,-3.5,188.696033707105,7.7,7.7,0,26.1,3.7,9.2,672.2,15.6,19.5,91.9300385,124.2417603,613.2852173,4.86435,0.90244,2,3,14,3.44112358519015,2,1.05194998940471
"NCPG09","NCPG","N","36.96449951, -3.34248343",1909.8,6.16,0,0,0,0,100,100,-15,-10,-12.5,232.758550991149,13.2,13.2,0,26.1,4.3,9.4,690.1,15.8,19.6,91.9300385,124.2417603,613.2852173,4.92474,0.81012,2,0,16,6.41118440427371,0,0
"NCPG10","NCPG","N","36.96438518, -3.34235816",1906.94,6.15,0,0,0,0,100,100,-5,-2,-3.5,179.75292692125,26.8,26.8,0,26.1,4.3,9.4,690.1,15.8,19.6,91.9300385,124.2417603,613.2852173,4.92474,0.81012,2,0,6,3.88556168646635,0,0
"NDAL01","NDAL","N","37.07046335, -3.42063117",2198.44,6.48,5,90,90,0,85,95,-2,0,-1,358.884435238603,3.16666666666667,2.69166666666667,5,41.7,14.3,7.6,751.4,13.8,18.7,86.0883865,117.9886017,543.9371338,3.01232,1.21617,2,1,16,3.99838641794137,4,1.11722830476466
"NDAL02","NDAL","N","37.06998076, -3.419313",2214.19,6.31,10,0,0,0,90,90,-4,-4,-4,393.82906719204,9.5,8.55,5,39.2,14.4,7.8,751.4,13.9,18.7,86.0883865,117.9886017,543.9371338,3.08434,1.20122,2,0,22,8.22697279290238,0,0
"NDAL03","NDAL","N","37.07043343, -3.41914685",2199.19,6.6,10,87,87,0,90,90,-5,1,-2,186.81233516354,2.7,2.43,6,39.2,14.4,7.8,751.4,13.9,18.7,86.0883865,117.9886017,543.9371338,3.08434,1.20122,5,1,10,3.80824243263997,3,1.07714492243054
"NDAL04","NDAL","N","37.07031456, -3.42039987",2203.04,6.39,0,95,95,0,98,100,-2,-2,-2,267.857824283046,3.55555555555556,3.48444444444444,4,41.7,14.3,7.6,751.4,13.8,18.7,86.0883865,117.9886017,543.9371338,3.01232,1.21617,2,1,16,5.60963938643502,4,2.36349183481743
"NDAL05","NDAL","N","37.07056428, -3.41894248",2190.54,6.17,1,70,70,0,96,99,-5,-2,-3.5,122.764047041588,3.5,3.36,5,39.2,14.4,7.8,751.4,13.9,18.7,86.0883865,117.9886017,543.9371338,3.08434,1.20122,5,1,11,4.46596098851954,3,1.08847548085472
"NDAL06","NDAL","N","37.07088255, -3.42027352",2187.24,6.77,5,80,80,0,90,95,-8,-8,-8,314.710731296529,2.77,2.493,5,38.2,14.5,8,759.2,14.1,18.9,86.0883865,117.9886017,543.9371338,3.18483,1.14662,2,3,18,3.68758497855222,3,1.5208117532239
"NDAL07","NDAL","N","37.07120429, -3.42089387",2176.3,6.39,0,98,98,0,98,100,-25,-25,-25,303.437824283046,2.86666666666667,2.80933333333333,4,38.2,14.5,8,694.7,14.1,18.9,86.0883865,117.9886017,543.9371338,3.22667,1.26663,2,4,16,2.92799119086842,3,1.95760780204347
"NDAL08","NDAL","N","37.07122924, -3.42190101",2170.83,6.03,0,15,15,0,100,100,-3,-3,-3,194.674294249022,6.15,6.15,5,39.5,16.4,8,694.7,14.2,18.9,86.0883865,117.9886017,543.9371338,3.20675,1.21196,2,4,16,4.17493383454171,3,1.5183610185529
"NDAL09","NDAL","N","37.07081243, -3.42142827",2182.41,6.63,0,90,90,0,96,100,-2,-2,-2,284.618186414345,3.85,3.696,5,38.2,14.5,8,694.7,14.1,18.9,86.0883865,117.9886017,543.9371338,3.22667,1.26663,2,1,19,6.36129970126312,2,1.98561720486998
"NDAL10","NDAL","N","37.07055493, -3.42134483",2189.81,6.19,8,65,65,0,85,92,-9,-2,-5.5,129.974666674067,3.16666666666667,2.69166666666667,4,41.7,14.3,7.6,606.9,13.8,18.7,86.0883865,117.9886017,543.9371338,3.10605,1.48502,2,1,20,7.57987703647404,3,1.4114227639742
"NDCM01","NDCM","N","37.05458773, -3.40601354",2560.29,6.54,2,95,95,0,95,98,-2.5,-2.5,-2.5,56.6993473005409,2.68,2.546,5,50.6,19.5,6.1,873,12.5,17.4,80.3223648,110.7052155,474.7621155,1.24108,1.53946,5,4,10,3.16797149680173,2,1.35293700284448
"NDCM02","NDCM","N","37.05434677, -3.40639877",2560.6,5.95,5,44,44,0,70,95,-8,-5,-6.5,366.608415559449,1.59,1.113,5,51.5,21.4,6,787.9,12.4,17.3,80.3223648,110.7052155,474.7621155,1.21657,1.68028,5,4,10,2.79033983570093,1,1
"NDCM03","NDCM","N","37.05513566, -3.40579164",2555.94,5.91,25,25,25,0,70,75,-2,0,-1,241.570636198986,1.85,1.295,4,50.6,19.5,6.1,873,12.5,17.4,80.3223648,110.7052155,474.7621155,1.24108,1.53946,6,4,11,3.81570861715306,1,1
"NDCM04","NDCM","N","37.05612047, -3.4073097",2507.8,6.19,2,40,40,0,90,98,-2,0,-1,178.174666674067,2.09,1.881,5,49.2,19.2,6.2,797.2,12.6,17.5,80.3223648,110.7052155,474.7621155,1.35692,1.6761,5,4,16,3.95217419531181,3,1.95036750449224
"NDCM05","NDCM","N","37.054867, -3.4084077",2522.26,6.16,0,90,0,90,80,100,-15,-15,-15,160.058550991149,2.7,2.16,4,46.2,16.6,6.2,797.2,12.6,17.5,79.9166107,111.4422379,471.3291016,1.417,1.79398,5,2,12,3.9538303643572,2,1.03356200588778
"NDCM06","NDCM","N","37.05486232, -3.40843576",2524.71,6.88,8,92,92,0,20,92,-6,-3,-4.5,140.253992839824,1.8,0.36,4,46.2,16.6,6.2,797.2,12.6,17.5,79.9166107,111.4422379,471.3291016,1.417,1.79398,5,1,4,1.96041364865713,2,1.03356200588778
"NDCM07","NDCM","N","37.05478205, -3.4087189",2520.43,6.66,20,80,80,0,40,80,-4,0,-2,291.923647119324,0.95,0.38,3,46.2,16.6,6.2,797.2,12.6,17.5,79.9166107,111.4422379,471.3291016,1.417,1.79398,2,1,13,4.2751467305532,4,3.08343572114485
"NDCM08","NDCM","N","37.05497616, -3.40884274",2520.43,5.94,0,100,0,100,40,100,-16,-16,-16,280.599294386098,1.29,0.516,4,46.2,16.6,6.2,797.2,12.6,17.5,79.9166107,111.4422379,471.3291016,1.417,1.79398,5,2,7,2.49498810950187,1,1
"NDCM09","NDCM","N","37.05775223, -3.40718763",2483.4,6.04,20,2,1,1,70,70,-7,-7,-7,189.881708217065,3.45,2.415,5,49.5,20,6.5,795.2,12.9,17.7,80.3223648,110.7052155,474.7621155,1.4725,1.5896,5,4,9,4.90244997160303,4,4
"NDCM10","NDCM","N","37.05707761, -3.4080511",2486.34,6.98,0,20,5,15,98,100,-10,-7,-8.5,159.763455213673,2.5,2.45,4,49.5,20,6.5,795.2,12.9,17.7,80.3223648,110.7052155,474.7621155,1.4725,1.5896,5,2,17,3.16956182281973,3,1.5183610185529
"NGCV01","NGCV","N","37.064463, -3.365537",2895.52,6.53,0,95,95,0,75,100,-4,-1,-2.5,579.897002797989,2.45,1.8375,2,67.2,33.3,4.5,907.1,11,16.2,75.0100098,107.3589325,425.2174377,-0.41603,1.79499,5,4,11,3.78987601739842,3,1.39813590266866
"NGCV02","NGCV","N","37.065005, -3.365751",2887.97,6.88,3,94,94,0,70,97,-1,2,0.5,401.953992839824,1.25,0.875,2,54.6,20.4,3.9,907.1,10.5,15.8,75.0100098,107.3589325,425.2174377,-0.36631,2.28895,5,4,7,2.3723954607278,2,1.35293700284448
"NGCV03","NGCV","N","37.064759, -3.361295",2804.76,6.3,2,60,60,0,90,98,-10,-8,-9,408.825085655464,1.1,0.99,3,64.7,31,4.7,957,11.1,16.4,75.0100098,107.3589325,425.2174377,-0.31496,1.72741,5,4,9,2.21902249397497,3,1.5208117532239
"NGCV04","NGCV","N","37.064788, -3.360825",2796.54,6.54,0,95,95,0,90,100,-6,-6,-6,334.899347300541,3.05,2.745,3,63.9,29.6,4.8,957,11.2,16.4,75.0100098,107.3589325,425.2174377,-0.25896,1.73568,5,1,8,3.18793285253656,3,1.75438566935415
"NGCV05","NGCV","N","37.065996, -3.360408",2754.29,6.19,0,100,100,0,83,100,0,0,0,213.774666674067,2.8,2.324,2,57.3,24,5,968,11.4,16.6,75.0100098,107.3589325,425.2174377,-0.03333,1.83258,6,1,4,3.28170667701774,4,2.26844415968282
"NGCV06","NGCV","N","37.066584, -3.360109",2735.52,6.44,2,95,95,0,90,98,-4,-4,-4,313.873285758885,2.1,1.89,1,57.3,24,5,968,11.4,16.6,75.0100098,107.3589325,425.2174377,-0.03333,1.83258,5,4,10,3.24213060748239,5,2.40277822015569
"NGCV07","NGCV","N","37.066815, -3.359844",2727.44,6.88,0,79,79,0,93,100,-30,-25,-27.5,367.953992839824,2.4,2.232,1,57.3,24,5,950.2,11.4,16.6,78.2043839,109.5312424,455.4961243,0.35458,1.65614,5,4,10,3.1904417876893,3,1.44828079396062
"NGCV08","NGCV","N","37.067221, -3.359133",2708.91,6.33,0,90,90,0,95,100,-3,-1,-2,242.836760435691,2.7,2.565,1,57.3,24,5,950.2,11.4,16.6,78.2043839,109.5312424,455.4961243,0.35458,1.65614,5,4,8,1.75227211824719,4,2.09918113869842
"NGCV09","NGCV","N","37.065286, -3.362087",2799.49,5.95,5,82,82,0,90,92,-20,-15,-17.5,292.608415559449,2.55,2.295,2,64.7,31,4.7,957,11.1,16.4,75.0100098,107.3589325,425.2174377,-0.31496,1.72741,6,4,14,4.09449769532283,2,1.35293700284448
"NGCV10","NGCV","N","37.06683, -3.365889",2852.26,5.96,0,100,100,0,55,100,-10,-7,-8.5,374.617329109546,1.9,1.045,1,53.9,19.6,4.1,767.9,10.6,15.9,78.2043839,109.5312424,455.4961243,0.17991,2.31906,6,4,6,2.503334138464,2,1.62616253257254
"NGLR01","NGLR","N","37.12373565, -3.27331024",2632.1,6.66,2,95,95,0,65,98,-2,2,0,136.923647119324,4.55555555555556,2.96111111111111,5,50.5,21.7,5.8,834.4,12.1,17.3,77.9057388,110.4443665,457.718811,0.91396,1.81324,5,4,5,1.46430368294478,5,1.96992046774496
"NGLR02","NGLR","N","37.12381048, -3.27310527",2632.08,5.51,10,15,15,0,85,90,-1,2,0.5,163.621486894053,2.6,2.21,5,50.5,21.7,5.8,834.4,12.1,17.3,77.9057388,110.4443665,457.718811,0.91396,1.81324,5,4,5,2.85417363399852,2,1.64938488846612
"NGLR03","NGLR","N","37.12195014, -3.27173442",2651.89,6.02,0,100,100,0,95,100,-15,-8,-11.5,241.666707587479,2.05,1.9475,3,51.5,21.6,5.5,957.5,11.9,17.2,77.9057388,110.4443665,457.718811,0.73062,1.63985,5,1,14,2.23304763462642,3,2.93085517766445
"NGLR04","NGLR","N","37.12121167, -3.27176426",2655.66,6.39,1,80,80,0,91,99,-5,-5,-5,426.857824283046,1.75,1.5925,2,61.2,29.8,5.4,942.5,11.8,17.1,77.9057388,110.4443665,457.718811,0.49148,1.44813,5,1,9,3.03583279424612,3,1.16127212696109
"NGLR05","NGLR","N","37.12112793, -3.27188746",2657.22,6.8,5,94,94,0,25,95,-5,1,-2,135.044687227583,0.5,0.125,4,61.2,29.8,5.4,942.5,11.8,17.1,77.9057388,110.4443665,457.718811,0.49148,1.44813,2,1,5,3.17989724040812,2,1.03356200588778
"NGLR06","NGLR","N","37.12126744, -3.27166903",2655.89,5.49,10,0,0,0,90,90,0,4.5,2.25,169.170658137316,1.1,0.99,4,61.2,29.8,5.4,942.5,11.8,17.1,77.9057388,110.4443665,457.718811,0.49148,1.44813,6,0,4,1.44436216861774,0,0
"NGLR07","NGLR","N","37.12109179, -3.27176587",2656.26,5.76,0,20,5,17,100,100,-22,-18,-20,202.393507510766,2.6,2.6,4,61.2,29.8,5.4,942.5,11.8,17.1,77.9057388,110.4443665,457.718811,0.49148,1.44813,5,2,15,3.2956556112144,4,1.40797253046627
"NGLR08","NGLR","N","37.12045459, -3.2672763",2725.16,5.77,2,75,75,0,95,98,-1,1,0,179.907312965291,2.55,2.4225,5,62,29.7,5.4,972.2,11.7,17,77.9057388,110.4443665,457.718811,0.43151,1.39462,5,4,7,1.61210468966168,3,2.4480616334779
"NGLR09","NGLR","N","37.12038561, -3.26657901",2725.31,5.04,3,5,5,0,94,97,-1,-1,-1,270.817082170648,2.16666666666667,2.03666666666667,5,67.5,35.3,5.4,972.2,11.7,17.1,74.8920364,107.2683945,427.2468567,-0.08769,1.42684,5,4,8,2.29588198651412,2,1.45756926498109
"NGLR10","NGLR","N","37.12155716, -3.26969699",2681.47,5.09,2,10,10,0,98,98,-14,-14,-14,237.163221498587,2.4,2.352,5,59.2,27.6,5.3,947.1,11.7,17,77.9057388,110.4443665,457.718811,0.48794,1.52318,5,4,9,4.69295343788361,2,1.64938488846612
"NLPC01","NLPC","N","37.00022, -3.442289",2437.6,6.27,2,50,50,0,95,98,-5,-5,-5,338.812575903067,4.45,4.2275,4,43.1,10.6,6.7,870.4,13.4,17.6,77.6899643,108.9467773,449.3730469,1.38605,1.78091,2,4,13,5.20239729431712,5,1.36704259079097
"NLPC02","NLPC","N","37.000047, -3.442171",2426.06,5.68,18,5,3,2,81,82,-1,1,0,121.470835650332,3.25,2.6325,2,43.1,10.6,6.7,870.4,13.4,17.6,77.6899643,108.9467773,449.3730469,1.38605,1.78091,4,4,8,4.39204905505766,5,4
"NLPC03","NLPC","N","36.999627, -3.442087",2396.39,5.52,0,0,0,0,100,100,-3,-3,-3,57.2460368495797,30,30,0,43.1,10.6,6.7,870.4,13.4,17.6,84.0224304,116.0640793,525.9464111,2.32039,1.34397,2,2,11,5.90911125059315,1,1
"NLPC04","NLPC","N","36.999644, -3.442006",2399.46,5.66,5,1,1,0,95,95,-17,-2,-9.5,41.6364711932416,26.7,25.365,4,43.1,10.6,6.7,870.4,13.4,17.6,84.0224304,116.0640793,525.9464111,2.32039,1.34397,2,2,15,6.33879636676995,1,1
"NLPC05","NLPC","N","36.99941, -3.442292",2387.7,6.1,0,60,60,0,98,100,-4,-4,-4,112.822779446081,16.5,16.17,4,43.1,10.6,6.7,870.4,13.4,17.6,84.0224304,116.0640793,525.9464111,2.32039,1.34397,2,1,16,8.76387026843987,3,2.08380682933567
"NLPC06","NLPC","N","36.999242, -3.442536",2381.07,6.8,5,40,40,0,100,95,-15,-15,-15,268.944687227583,6.25,6.25,4,43.1,10.6,6.7,870.4,13.4,17.6,84.0224304,116.0640793,525.9464111,2.32039,1.34397,2,1,15,7.44915177340621,2,1.83619119570559
"NLPC07","NLPC","N","36.999159, -3.442288",2368.04,6.79,65,7,7,0,45,45,0.5,0.5,0.5,85.6433988276022,1.45,0.6525,0,43.1,10.6,6.7,870.4,13.4,17.6,84.0224304,116.0640793,525.9464111,2.32039,1.34397,4,2,10,4.65014071134295,2,2
"NLPC08","NLPC","N","36.99877, -3.442367",2344.11,7.02,0,60,60,0,100,100,-20,-20,-20,210.966670758748,29.9,29.9,0,43.1,10.6,6.7,870.4,13.4,17.6,84.0224304,116.0640793,525.9464111,2.32039,1.34397,2,1,9,3.08850733460454,1,1
"NLPC09","NLPC","N","36.99881, -3.44255",2350.96,6.95,18,11,11,0,82,82,1,1,1,161.160841555945,14.9,12.218,0,43.1,10.6,6.7,870.4,13.4,17.6,84.0224304,116.0640793,525.9464111,2.32039,1.34397,2,2,13,5.10310270933091,1,1
"NLPC10","NLPC","N","36.99892, -3.442351",2355.49,7.21,0,35,35,0,100,100,-35,-20,-27.5,208.978480834435,2.8,2.8,5,43.1,10.6,6.7,870.4,13.4,17.6,84.0224304,116.0640793,525.9464111,2.32039,1.34397,2,4,18,3.89468353811667,2,1.08492451262042
"NTCC01","NTCC","N","37.035287, -3.249365",1690.09,5.88,0,0,0,0,100,100,-3,-1,-2,706.539928398244,72.8,72.8,0,37.7,14.8,10.4,628.6,16.2,20.6,92.4238586,124.8413086,615.2144165,5.15549,0.40765,2,0,6,3.17641490394095,0,0
"NTCC02","NTCC","N","37.035237, -3.249372",1691.03,6.07,5,0,0,0,95,95,0,1,0.5,468.702952824667,14.8,14.06,1,37.7,14.8,10.4,628.6,16.2,20.6,92.4238586,124.8413086,615.2144165,5.15549,0.40765,2,0,6,3.78641024608055,0,0
"NTCC03","NTCC","N","37.035604, -3.248525",1679.21,5.54,0,0,0,0,100,100,-5,-2,-3.5,346.993473005409,6.6,6.6,2,37.7,14.8,10.4,628.6,16.2,20.6,92.4238586,124.8413086,615.2144165,5.15549,0.40765,2,0,7,4.05006918668941,0,0
"NTCC04","NTCC","N","37.035648, -3.248544",1680.18,5.95,0,0,0,0,100,100,-1,-1,-1,67.4084155594486,14.7,14.7,2,37.7,14.8,10.4,628.6,16.2,20.6,92.4238586,124.8413086,615.2144165,5.15549,0.40765,2,0,11,5.09775211252897,0,0
"NTCC05","NTCC","N","37.035371, -3.247314",1669.19,5.75,0,0,0,0,100,100,1,2,1.5,311.379380485896,42.7,42.7,0,30.8,12.2,10.5,679.4,16.3,20.7,92.4238586,124.8413086,615.2144165,5.27599,0.40713,2,0,9,5.60943636872907,0,0
"NTCC06","NTCC","N","37.035523, -3.247304",1669.62,5.62,0,0,0,0,100,100,2,4,3,196.662807311262,15.7,15.7,3,30.8,12.2,10.5,679.4,16.3,20.7,92.4238586,124.8413086,615.2144165,5.27599,0.40713,2,0,8,5.30244249819994,0,0
"NTCC07","NTCC","N","37.035384, -3.246666",1661.36,5.81,5,5,0,0,95,95,-1,-1,-1,368.459463,22,20.9,3,30.8,12.2,10.5,679.4,16.3,20.7,92.4238586,124.8413086,615.2144165,5.27599,0.40713,2,0,11,5.86570014555892,0,0
"NTCC08","NTCC","N","37.035344, -3.246663",1661.09,6.05,10,5,0,0,95,95,2,2,2,427.688953422591,23,21.85,0,30.8,12.2,10.5,679.4,16.3,20.7,92.4238586,124.8413086,615.2144165,5.27599,0.40713,2,0,8,2.38345856100416,0,0
"NTCC09","NTCC","N","37.035553, -3.246922",1666.07,5.96,0,0,0,0,100,100,-2,-2,-2,23.217329109546,70,70,0,30.8,12.2,10.5,679.4,16.3,20.7,92.4238586,124.8413086,615.2144165,5.27599,0.40713,2,0,9,5.29219143178373,0,0
"NTCC10","NTCC","N","37.035514, -3.247492",1671.64,5.59,2,0,0,0,98,99,3,3,3,42.1029318718137,20,19.6,2,30.8,12.2,10.5,628.6,16.3,20.7,92.4238586,124.8413086,615.2144165,5.30894,0.50165,2,0,9,3.849307723331,0,0
"NTLH01","NTLH","N","37.04874014, -3.29535389",2895.16,5.47,0,60,60,0,98,98,-0.5,0,-0.25,220.817433895074,2.55,2.499,5,47.7,19.5,4.5,705.2,11,16.3,75.6416168,106.812027,426.3936768,0.11762,2.57766,5,4,10,1.84835941219439,2,1.16182834482
"NTLH02","NTLH","N","37.04811859, -3.2956824",2896.6,6,30,10,10,0,70,70,-1,2,0.5,225.651,1.6,1.12,3,47.7,19.5,4.5,705.2,11,16.3,75.6416168,106.812027,426.3936768,0.11762,2.57766,6,4,6,3.44939271335305,2,1.25071836227823
"NTLH03","NTLH","N","37.04800845, -3.29542627",2895.34,5.76,5,95,95,0,85,95,0,1,0.5,270.393507510766,3.5,2.975,4,47.7,19.5,4.5,705.2,11,16.3,75.6416168,106.812027,426.3936768,0.11762,2.57766,5,4,6,1.29046124547325,3,1.91050554641307
"NTLH04","NTLH","N","37.04760153, -3.29450583",2894.6,5.29,3,90,90,0,97,97,-10,-10,-10,225.21011376987,1.65,1.6005,2,50.5,19.9,4.4,799,10.9,16.1,75.6416168,106.812027,426.3936768,-0.04319,2.39112,5,4,5,2.4771420413963,4,2.02659795585954
"NTLH05","NTLH","N","37.04743719, -3.29423637",2894.03,4.95,0,70,70,0,95,100,-40,-40,-40,122.584155594486,2.35,2.2325,2,50.5,19.9,4.4,799,10.9,16.1,75.6416168,106.812027,426.3936768,-0.04319,2.39112,5,2,8,3.19959053378,2,1.45756926498109
"NTLH06","NTLH","N","37.047389, -3.29405072",2893.67,5.13,0,80,80,0,90,100,-11,-11,-11,109.71282725786,1.9,1.71,1,50.5,19.9,4.4,799,10.9,16.1,75.6416168,106.812027,426.3936768,-0.04319,2.39112,5,2,6,2.77786318491204,2,1.68485794206712
"NTLH07","NTLH","N","37.04762094, -3.29364584",2893.29,5.28,0,80,80,0,80,100,-5,-5,-5,65.4684219637283,3.4,2.72,2,50.5,19.9,4.4,799,10.9,16.1,75.6416168,106.812027,426.3936768,-0.04319,2.39112,5,4,6,3.2457779935678,1,1
"NTLH08","NTLH","N","37.04814339, -3.29419516",2893.65,5.41,5,0,0,0,95,95,-3,-1,-2,113.54223244397,4.8,4.56,2,47.7,19.5,4.5,813.9,11,16.3,75.6416168,106.812027,426.3936768,0.04711,2.37541,2,0,1,1,0,0
"NTLH09","NTLH","N","37.04890626, -3.29483741",2895.28,5.28,5,95,95,0,90,95,-3,1,-1,122.268421963728,3.3,2.97,5,47.7,19.5,4.5,705.2,11,16.3,75.6416168,106.812027,426.3936768,0.11762,2.57766,5,4,9,1.63237021134332,3,1.16127212696109
"NTLH10","NTLH","N","37.048403, -3.29485738",2893.6,4.85,0,60,60,0,97,100,-22,-16,-19,67.4702439692666,1.3,1.261,3,47.7,19.5,4.5,705.2,11,16.3,75.6416168,106.812027,426.3936768,0.11762,2.57766,5,2,10,4.41443789286905,2,1.16182834482
"OATU01","OATU","O","42.674263, -0.066328",2325.75,7.021,0,100,100,0,50,100,-6,-6,-6,265.966747413876,5.9,2.95,0,120,77.5,3.3,1494.7,8.9,13.5,69.5559616,95.6441345,367.5532837,-3.86905,0.00764,6,1,6,1.86076894045021,3,1.67389169951034
"OATU02","OATU","O","42.674483, -0.066828",2325.72,7.023,20,75,75,0,90,90,-5.5,-5.5,-5.5,482.966900195631,3.4,3.06,0,120,77.5,3.3,1494.7,8.9,13.5,71.3102036,95.4271393,378.3693237,-3.74654,-0.10669,6,1,8,3.58944617977036,3,1.28451100490292
"OATU03","OATU","O","42.67377, -0.068713",2330.27,6.626,3,15,15,0,97,97,-10,-5,-7.5,451.917429402558,12.3,11.931,0,120.5,78.8,3.3,1440.7,9,13.6,71.3102036,95.4271393,378.3693237,-3.69892,-0.04241,6,2,9,4.97779949733185,2,1.25071836227823
"OATU04","OATU","O","42.67482, -0.067855",2326.04,6.958,20,75,75,0,80,80,-3,-1,-2,397.961556278097,5.3,4.24,2,119.1,77.4,3.3,1494.7,9,13.6,71.3102036,95.4271393,378.3693237,-3.70243,-0.10395,6,1,6,3.58113356528888,4,2.14072240234945
"OATU05","OATU","O","42.673717, -0.066981",2325.97,6.772,35,35,35,0,60,65,-50,-50,-50,604.941003611486,11.2,6.72,2,123.1,80.1,3.4,1474.9,9,13.5,71.3102036,95.4271393,378.3693237,-3.76664,-0.17175,6,4,2,1.05194998940471,2,2
"OATU06","OATU","O","42.674486, -0.06674",2325.7,7.22,5,50,50,0,85,95,-35,-35,-35,467.978970670446,2.45,2.0825,0,120,77.5,3.3,1494.7,8.9,13.5,71.3102036,95.4271393,378.3693237,-3.74654,-0.10669,6,1,12,6.75294149232164,1,1
"OATU07","OATU","O","42.67431, -0.06823",2325.97,6.232,0,100,100,0,85,100,-5,-2,-3.5,149.995437780585,6.6,5.61,0,119.1,77.4,3.3,1494.7,9,13.6,71.3102036,95.4271393,378.3693237,-3.70243,-0.10395,6,1,12,4.57749781552384,2,1.03356200588778
"OATU08","OATU","O","42.674171, -0.067069",2326.04,6.555,0,1,1,0,100,100,-35,-35,-35,334.902764371215,19.8,19.8,0,120,77.5,3.3,1494.7,8.9,13.5,71.3102036,95.4271393,378.3693237,-3.74654,-0.10669,5,2,12,3.9538303643572,1,1
"OATU09","OATU","O","42.674294, -0.068224",2325.97,6.109,1,20,20,0,96,99,-24,-24,-24,448.728465243687,9.85,9.456,0,119.1,77.4,3.3,1494.7,9,13.6,71.3102036,95.4271393,378.3693237,-3.70243,-0.10395,6,1,12,4.27198539592956,4,2.72047051030039
"OATU10","OATU","O","42.673911, -0.068296",2326.51,6.23,10,50,50,0,80,90,-11,-11,-11,220.794493564281,9.85,7.88,0,120.5,78.8,3.3,1474.9,9,13.6,71.3102036,95.4271393,378.3693237,-3.7211,-0.10605,6,4,8,2.43598761525087,3,2.3560937685184
"OBDC01","OBDC","O","42.655277083, -0.081040959",1278.39,6.667,15,10,10,0,85,85,8,8,8,776.924867917458,28.8,24.48,0,104.2,71.6,8.9,1508.1,14.2,17.9,81.9754028,100.8973923,498.2311401,0.17422,-2.01184,3,2,6,3.43615341719767,2,1.64938488846612
"OBDC02","OBDC","O","42.65520953849, -0.08082823816",1281.3,7.51,10,20,20,0,90,100,-15,0,-7.5,395.989214868941,43.1,38.79,0,104.2,71.6,8.9,1508.1,14.2,17.9,81.9754028,100.8973923,498.2311401,0.17422,-2.01184,3,2,5,1.52439062522023,2,2
"OBDC03","OBDC","O","42.6552698665, -0.08098014883",1280.02,7.585,5,20,20,0,95,95,-10,-2,-6,405.990925443125,26.7,25.365,0,104.2,71.6,8.9,1508.1,14.2,17.9,81.9754028,100.8973923,498.2311401,0.17422,-2.01184,3,1,8,2.72222646827412,6,4.94815466539835
"OBDC04","OBDC","O","42.655272, -0.081008",1278.39,7.908,0,66,66,0,94,100,-4,-1,-2.5,500.995686543457,30.2,28.388,0,104.2,71.6,8.9,1508.1,14.2,17.9,81.9754028,100.8973923,498.2311401,0.17422,-2.01184,3,4,9,3.88806179715463,2,1.64938488846612
"OBDC05","OBDC","O","42.655187, -0.080802",1278.73,8.002,4,75,75,0,25,96,-5,0,-2.5,455.996526035093,7.7,1.925,0,104.2,71.6,8.9,1508.1,14.2,17.9,81.9754028,100.8973923,498.2311401,0.17422,-2.01184,6,2,8,3.67949165038331,3,2.93085517766445
"OBRI01","OBRI","O","42.65015131, -0.068811422",1301.02,7.427,2,0,0,0,98,98,-18,-12,-15,542.986943540469,15.1,14.798,3,119.9,88.5,8.7,1628.7,13.9,17.6,80.1774139,99.6748276,476.7012939,-0.63047,-2.4995,2,0,22,12.8750048669403,0,0
"OBRI02","OBRI","O","42.650056, -0.069401",1300.235,7.245,0.5,30,30,0,100,100,-8,-3,-5.5,808.980147032714,11.4,11.4,2,119.9,88.5,8.7,1628.7,13.9,17.6,80.1774139,99.6748276,476.7012939,-0.63047,-2.4995,2,1,19,9.94310762033382,5,2.60846878750998
"OBRI03","OBRI","O","42.65013837, -0.06899532",1300.654,6.227,3,2,2,0,97,97,-20,-10,-15,572.793069061722,15,14.55,2,119.9,88.5,8.7,1628.7,13.9,17.6,80.1774139,99.6748276,476.7012939,-0.63047,-2.4995,2,2,21,8.8604918752541,6,4.86026882501538
"OBRI04","OBRI","O","42.650033, -0.069582",1300.34,7.55,13,82,82,0,70,87,-1,3,1,401.99016384357,22.1,15.47,0,119.9,88.5,8.7,1628.7,13.9,17.6,80.1774139,99.6748276,476.7012939,-0.63047,-2.4995,2,2,2,1.04359148627454,2,1.04359148627454
"OBRI05","OBRI","O","42.649684, -0.068994",1299.292,7.61,0,5,5,0,100,100,-55,-55,-55,618.991433065884,31.8,31.8,0,119.9,88.5,8.7,1628.7,13.9,17.6,80.4651413,99.3513794,479.434845,-0.61873,-2.52676,3,2,20,7.12410239599573,1,1
"OBRI06","OBRI","O","42.649792, -0.068669",1300.352,7.458,0,18,18,0,95,95,-15,-9,-12,512.987843027705,15.8,15.01,0,119.9,88.5,8.7,1628.7,13.9,17.6,80.4651413,99.3513794,479.434845,-0.61873,-2.52676,3,2,15,3.35300294280227,1,1
"OBUS01","OBUS","O","42.777255, -0.169577",2251.97,6.78,5,60,60,0,95,95,-2,1,-0.5,508.94208041693,3.9,3.705,3,121,76.2,3.7,1422.4,9.3,13.7,73.1126633,95.5065994,390.8973694,-3.39304,-0.17663,3,1,9,2.91505967176372,4,2.30293240440973
"OBUS02","OBUS","O","42.777254, -0.169381",2246.45,6.303,8,90,90,0,70,92,-10,-10,-10,364.826289757342,2.6,1.82,3,121,76.2,3.7,1422.4,9.3,13.7,73.1126633,95.5065994,390.8973694,-3.39304,-0.17663,6,3,8,2.8218489457419,5,1.41634387684648
"OBUS03","OBUS","O","42.77727, -0.16973",2261.4,6.35,20,50,50,0,80,80,-10,-10,-10,374.844107426339,2.7,2.16,6,121,76.2,3.7,1422.4,9.3,13.7,73.1126633,95.5065994,390.8973694,-3.39304,-0.17663,3,1,12,4.57761980078551,2,1.66101682865423
"OBUS04","OBUS","O","42.77727, -0.16973",2255.25,6.525,0,88,88,0,90,99,-7,-5,-6,321.8958101466,3.7,3.33,4,121,76.2,3.7,1422.4,9.3,13.7,73.1126633,95.5065994,390.8973694,-3.39304,-0.17663,6,1,13,5.37340654116156,1,1
"OBUS05","OBUS","O","42.777091, -0.16958",2249.9,6.036,2,90,90,0,93,98,-6,-6,-6,185.678763099458,4.6,4.278,4,121,76.2,3.7,1422.4,9.3,13.7,73.1126633,95.5065994,390.8973694,-3.39304,-0.17663,3,1,12,3.91387567933861,3,1.92200491543725
"OBUS06","OBUS","O","42.77703, -0.168106",2225.7,6.63,5,50,50,0,92,95,-25,-25,-25,352.918186414345,5.45,5.014,4,121,76.2,3.7,1469.6,9.3,13.7,73.1126633,95.5065994,390.8973694,-3.42366,-0.26445,6,1,18,6.67943008053664,2,1.53621718610039
"OBUS07","OBUS","O","42.777156, -0.16798",2223.85,6.661,20,80,80,0,25,80,-1,4,1.5,291.923822726077,2.7,0.675,3,121,76.2,3.7,1469.6,9.3,13.7,73.1126633,95.5065994,390.8973694,-3.42366,-0.26445,6,1,8,4.54762955655702,2,1.12028089447465
"OBUS08","OBUS","O","42.777711, -0.167271",2212.72,6.845,3,80,80,0,92,97,-8,-8,-8,419.950131600848,3.05,2.806,5,125.8,79.4,3.6,1530.8,9.3,13.6,73.1126633,95.5065994,390.8973694,-3.58448,-0.46824,6,1,12,3.50302727663302,1,1
"OBUS09","OBUS","O","42.777499, -0.167143",2198.4,6.488,10,40,40,0,90,90,-25,-10,-17.5,241.886544533212,2.1,1.89,2,125.8,79.4,3.6,1469.6,9.3,13.6,73.1126633,95.5065994,390.8973694,-3.54478,-0.35437,6,1,11,5.85304031048702,1,1
"OBUS10","OBUS","O","42.777054, -0.167864",2217.33,6.133,15,5,5,0,85,86,-28,-20,-24,264.743063722974,4.5,3.825,5,121,76.2,3.7,1469.6,9.3,13.7,73.1126633,95.5065994,390.8973694,-3.42366,-0.26445,3,2,14,5.69036758852199,3,2.3811015779523
"OCAT01","OCAT","O","42.680938, -0.068148",2424.6,6.69,0,80,80,0,100,100,-6,-6,-6,332.928743345731,9.2,9.2,0,117.4,74.7,2.9,1557,8.6,13.3,69.7046509,95.133255,367.6290283,-4.00435,0.04249,6,1,9,3.94704228432689,4,2.169594082508
"OCAT02","OCAT","O","42.681227, -0.068314",2425.1,7.5,37,40,40,0,55,63,-20,-20,-20,745.988963650966,1.1,0.605,0,117.4,74.7,2.9,1206.6,8.6,13.3,69.7046509,95.133255,367.6290283,-3.77707,0.69444,6,1,10,4.81184329147325,3,1.17435803822701
"OCAT03","OCAT","O","42.680938, -0.068103",2424.49,6.959,3,95,95,0,97,97,-1,-1,-1,287.961644696204,7.75,7.5175,0,117.4,74.7,2.9,1557,8.6,13.3,69.7046509,95.133255,367.6290283,-4.00435,0.04249,6,1,3,1.61482396549866,3,1.06790902149624
"OCAT04","OCAT","O","42.68081, -0.067697",2424.56,7.5,4,95,95,0,50,96,-15,-15,-15,423.988963650966,2.5,1.25,0,117.4,74.7,2.9,1557,8.6,13.3,69.7046509,95.133255,367.6290283,-4.00435,0.04249,6,1,15,7.35559884222611,2,1.35293700284448
"OCAT05","OCAT","O","42.681102, -0.068256",2424.87,7.122,0,66,66,0,98,100,-7,-7,-7,372.973647281255,16.4545454545455,16.1254545454545,0,117.4,74.7,2.9,1557,8.6,13.3,69.7046509,95.133255,367.6290283,-4.00435,0.04249,6,4,7,1.32483033250914,3,1.08847548085472
"OCAT06","OCAT","O","42.681905, -0.067429",2423.99,7.147,10,3,3,0,90,90,-50,-25,-37.5,379.475121429249,5.2,4.68,0,116.9,73.4,2.8,1387,8.5,13.2,69.7046509,95.133255,367.6290283,-3.92145,0.41091,6,4,5,2.26484071699801,1,1
"OCAT07","OCAT","O","42.682141, -0.0695",2438.38,6.936,0,40,40,0,95,95,-13,-13,-13,518.95955867027,21.7,20.615,0,116.9,73.4,2.8,1318.6,8.5,13.2,69.7046509,95.133255,367.6290283,-3.87709,0.53818,6,1,3,1.06790902149624,1,1
"OCAT08","OCAT","O","42.682047, -0.068584",2423.66,7.265,0,98,98,0,80,100,-8,-8,-8,466.981040563431,6.5,5.2,0,116.9,73.4,2.8,1318.6,8.5,13.2,69.7046509,95.133255,367.6290283,-3.87709,0.53818,6,1,8,2.1614066193175,3,2.04186691462507
"OCAT09","OCAT","O","42.683058, -0.06708",2423.7,7.183,12,75,75,0,75,88,-26,-26,-26,799.977100530206,3.3,2.475,0,120.6,77.1,2.8,1387,8.5,13.2,69.7046509,95.133255,367.6290283,-4.00474,0.30801,6,1,7,3.76366463239644,2,1.45756926498109
"OCAT10","OCAT","O","42.680996, -0.067851",2424.47,7.175,0,99,99,0,70,100,-25,-18,-21.5,429.976674797277,2.4,1.68,0,117.4,74.7,2.9,1557,8.6,13.3,69.7046509,95.133255,367.6290283,-4.00435,0.04249,6,4,9,3.96786509754184,4,1.10305019256821
"OFLU01","OFLU","O","42.6711965, 0.0036965",2313.92,6.833,0,25,25,0,95,100,-5,-5,-5,534.94873447291,7.7,7.315,0,124.6,79.6,3.9,1470.4,8.2,12.4,72.0168686,95.5208588,385.4747925,-3.94747,-0.2346,6,4,10,4.18868451975603,1,1
"OFLU02","OFLU","O","42.6712345, 0.0034785",2314.01,6.78,0,95,95,0,88,100,-12,-12,-12,506.94208041693,3.6,3.168,0,124.6,79.6,3.9,1470.4,8.2,12.4,72.0168686,95.5208588,385.4747925,-3.94747,-0.2346,6,1,15,8.53523240041399,3,1.06790902149624
"OFLU03","OFLU","O","42.6706125, 0.004656",2312.83,7.84,15,25,25,0,85,85,-49,-49,-49,102.9949554152,6,5.1,0,124.6,79.6,3.9,1321,8.2,12.4,72.0168686,95.5208588,385.4747925,-3.85057,0.04337,6,1,5,2.23909295462512,3,1.26259938817257
"OFLU04","OFLU","O","42.6709025, 0.0036375",2312.7,6.42,20,0,0,0,75,80,2,2,2,115.067313900684,7,5.25,0,124.6,79.6,3.9,1470.4,8.2,12.4,72.0168686,95.5208588,385.4747925,-3.94747,-0.2346,6,0,3,1.84804577865625,0,0
"OFLU05","OFLU","O","42.6708955, 0.003491",2312.68,6.74,0,30,30,0,90,90,-11,-11,-11,206.936492440034,2.25,2.025,0,124.6,79.6,3.9,1470.4,8.2,12.4,72.0168686,95.5208588,385.4747925,-3.94747,-0.2346,6,2,14,6.44522211447242,2,2
"OFLU06","OFLU","O","42.671085, 0.003066",2313.34,6.67,3,0,0,0,97,97,-1,-1,-1,134.925385123076,9.8,9.506,0,121.4,76.3,3.8,1470.4,8.2,12.5,72.0168686,95.5208588,385.4747925,-3.87223,-0.12833,5,0,3,1.21996427813956,0,0
"OFLU07","OFLU","O","42.671704, 0.001647",2319.38,7.64,2,98,98,0,96,98,-1,-1,-1,276.992004871892,9.2,8.832,0,121.4,76.3,3.8,1344.2,8.2,12.5,72.0168686,95.5208588,385.4747925,-3.79038,0.10647,6,1,4,1.96477920181184,2,1.03356200588778
"OFLU08","OFLU","O","42.6714646, 0.0017734",2315.44,7.33,0,95,95,0,90,100,-7,-7,-7,311.983676043569,6.75,6.075,0,121.4,76.3,3.8,1344.2,8.2,12.5,72.0168686,95.5208588,385.4747925,-3.79038,0.10647,5,1,3,1.06790902149624,1,1
"OFLU09","OFLU","O","42.6719735, 0.0025165",2316.84,7.33,1,95,95,0,99,99,-9,-9,-9,415.983676043569,2.4,2.376,0,121.4,76.3,3.8,1470.4,8.2,12.5,72.0168686,95.5208588,385.4747925,-3.87223,-0.12833,6,1,13,5.5604177092829,3,1.16127212696109
"OFLU10","OFLU","O","42.671541, 0.002511",2314.58,6.93,2,75,75,0,95,98,-6.5,-6.5,-6.5,387.958996075333,3.7,3.515,0,121.4,76.3,3.8,1470.4,8.2,12.5,72.0168686,95.5208588,385.4747925,-3.87223,-0.12833,6,1,9,3.57914306022197,4,1.13466946699174
"OLAB01","OLAB","O","42.752755, -0.161383",1884.8,6.257,0,95,95,0,90,100,-2,1,-0.5,187.806880811884,6.7,6.03,1,115,69.4,5.4,1493.8,11,15.1,77.3406525,97.1647644,433.0513306,-2.07682,-0.8509,2,3,20,10.0683929379087,1,1
"OLAB02","OLAB","O","42.753351, -0.161754",1893.56,6.318,0,100,100,0,95,100,-4,-4,-4,200.832187067391,10.7,10.165,1,115.5,71.2,5.6,1493.8,11.2,15.2,77.3406525,97.1647644,433.0513306,-2.02417,-0.93575,2,3,17,4.87712384288035,5,2.72656289589388
"OLAB03","OLAB","O","42.752977, -0.160145",1899.54,6.882,3,94,94,0,90,96,-4,-1,-2.5,714.954204223524,5.4,4.86,2,115,69.4,5.4,1527,11,15.1,77.3406525,97.1647644,433.0513306,-2.09835,-0.91267,1,1,20,7.21123652589512,2,1.62616253257254
"OLAB04","OLAB","O","42.753023, -0.160719",1892.9,6.1713,0,100,100,0,93,100,-23,-23,-23,217.764752277842,3.8,3.534,3,115,69.4,5.4,1493.8,11,15.1,77.3406525,97.1647644,433.0513306,-2.07682,-0.8509,1,1,15,8.23032331664627,2,1.62616253257254
"OLAB05","OLAB","O","42.75313, -0.159792",1910.81,6.36,3,40,40,0,95,97,-12,-12,-12,286.847655974548,2.3,2.185,3,115,69.4,5.4,1527,11,15.1,77.3406525,97.1647644,433.0513306,-2.09835,-0.91267,1,1,19,10.0100550690633,2,1.83619119570559
"OLAB06","OLAB","O","42.753081, -0.160188",1900.97,6.812,30,50,50,0,68,70,-3,1.5,-0.75,469.946194654192,5.5,3.74,4,115,69.4,5.4,1527,11,15.1,77.3406525,97.1647644,433.0513306,-2.09835,-0.91267,1,1,13,5.35575396769857,1,1
"OLAB07","OLAB","O","42.753373, -0.161705",1893.68,6.673,0,100,100,0,100,100,-6,-6,-6,327.925898768276,7.3,7.3,3,115.5,71.2,5.6,1493.8,11.2,15.2,77.3406525,97.1647644,433.0513306,-2.02417,-0.93575,2,3,8,1.95125683481632,5,1.77220808146106
"OLAB08","OLAB","O","42.753103, -0.161944",1887.01,6.14,7,3,3,0,96,97,-4,4,0,192.747171849934,3.3,3.168,0,115.5,71.2,5.6,1493.8,11.2,15.2,77.3406525,97.1647644,433.0513306,-2.02417,-0.93575,2,2,6,3.2457779935678,1,1
"OLAB09","OLAB","O","42.752826, -0.161792",1880.99,6.136,1,40,40,0,99,99,-5,-5,-5,357.744832459864,8.3,8.217,1,115.5,71.2,5.6,1493.8,11.2,15.2,77.3406525,97.1647644,433.0513306,-2.02417,-0.93575,2,1,20,8.37996348342244,5,3.17989724040812
"OLAB10","OLAB","O","42.753911, -0.163288",1891.63,6.255,3,2,2,0,97,97,-20,-20,-20,394.805989414213,4.3,4.171,4,115.5,71.2,5.6,1402.3,11.2,15.2,77.3406525,97.1647644,433.0513306,-1.96482,-0.76551,2,2,20,8.7015256768322,2,2
"ONAR01","ONAR","O","42.679531, -0.037752",2408.47,8.024,30,35,35,0,75,80,-20,-20,-20,324.996697632307,4.45,3.3375,0,121.3,79.7,3.3,1458.1,8.5,13,70.6667023,95.0984879,377.1255798,-3.96294,-0.03079,6,4,9,3.81095484986561,4,1.67633722560729
"ONAR02","ONAR","O","42.679818, -0.038589",2407.94,7.202,10,50,50,0,90,90,-14,-14,-14,776.978080763277,3,2.7,0,117.6,76.3,3.3,1458.1,8.6,13.1,70.6667023,95.0984879,377.1255798,-3.85001,0.05836,6,4,7,2.09199475673811,3,1.95036750449224
"ONAR03","ONAR","O","42.67989, -0.038231",2408.01,7.307,0,99,99,0,80,100,-20,-20,-20,276.982788234242,5.3,4.24,0,117.6,76.3,3.3,1458.1,8.6,13.1,70.6667023,95.0984879,377.1255798,-3.85001,0.05836,6,1,7,3.33515675982706,2,1.35293700284448
"ONAR04","ONAR","O","42.679334, -0.038802",2407.42,7.316,0,0,0,0,100,100,0.5,0.5,0.5,842.983141247809,2.8,2.8,0,117.6,76.3,3.3,1458.1,8.6,13.1,70.6667023,95.0984879,377.1255798,-3.85001,0.05836,6,4,3,1.06790902149624,1,1
"ONAR05","ONAR","O","42.679141, -0.038683",2407.54,7.24,25,2,2,0,75,75,-24,-24,-24,495.979917146187,10.65,7.9875,0,117.6,76.3,3.3,1458.1,8.6,13.1,70.6667023,95.0984879,377.1255798,-3.85001,0.05836,6,4,7,3.28293868460269,1,1
"ONAR06","ONAR","O","42.678822, -0.039113",2407.48,7.747,5,75,75,0,95,95,-35,-35,-35,219.993750785569,3.3,3.135,0,117.6,76.3,3.3,1416.2,8.6,13.1,70.6667023,95.0984879,377.1255798,-3.82283,0.13632,6,1,9,2.96259540137556,2,1.84449075611119
"ONAR07","ONAR","O","42.67915, -0.037997",2408.22,7.355,7,90,90,0,93,93,-9,-9,-9,510.984589191387,4.45,4.1385,0,117.6,76.3,3.3,1458.1,8.6,13.1,70.6667023,95.0984879,377.1255798,-3.85001,0.05836,6,1,10,2.87852628668426,1,1
"ONAR08","ONAR","O","42.680614, -0.037457",2409.69,7.206,35,2,2,0,65,60,-30,-20,-25,402.978281720048,1.9,1.235,0,123.9,82.7,3.3,1450.8,8.5,13.1,70.6667023,95.0984879,377.1255798,-4.00453,-0.0967,6,4,14,7.09891657373413,2,2
"ONAR09","ONAR","O","42.680625, -0.037787",2410.2,7.259,0,100,100,0,45,100,-5,-5,-5,244.980776811395,4.15,1.8675,0,123.9,82.7,3.3,1450.8,8.5,13.1,70.6667023,95.0984879,377.1255798,-4.00453,-0.0967,6,1,6,2.35105894605714,3,1.06790902149624
"ONAR10","ONAR","O","42.680885, -0.036229",2414.11,7.444,0,95,95,0,70,100,-8,-8,-8,421.987444748203,4.5,3.15,0,123.9,82.7,3.3,1522.4,8.5,13.1,70.6667023,95.0984879,377.1255798,-4.05097,-0.22992,6,1,12,3.2917759374346,3,2.5984310088072
"OOTA01","OOTA","O","42.69488438833, -0.13698647766",1595.03,6.71,4,5,5,0,96,96,-50,-50,-50,395.931950423468,12.2,11.712,1,123.1,85.4,7,1650.8,12.6,16.6,81.133873,100.0100861,483.3919678,-1.18559,-2.19839,2,2,21,8.58030130320431,2,2
"OOTA02","OOTA","O","42.694763, -0.138017",1596.23,6.71,0,5,5,0,98,100,-45,-35,-40,395.931950423468,15.1,14.798,1,118.9,80.2,7.1,1650.8,12.7,16.6,81.133873,100.0100861,483.3919678,-1.04842,-2.08873,2,2,21,10.4739938755145,1,1
"OOTA03","OOTA","O","42.694427, -0.141241",1599.59,6.432,0,5,5,0,100,100,-20,-20,-20,364.870929965257,9.9,9.9,1,110.2,73,7,1557.1,12.6,16.6,81.133873,100.0100861,483.3919678,-0.84022,-1.6738,2,1,24,14.282653298672,1,1
"OOTA04","OOTA","O","42.695556, -0.139092",1596.12,6.863,5,45,45,0,95,95,-15,-15,-15,461.952156226361,16.6,15.77,2,118.9,80.2,7.1,1654.6,12.7,16.6,81.133873,100.0100861,483.3919678,-1.05088,-2.0958,1,1,24,8.13261375383243,3,2.1834216125242
"OOTA05","OOTA","O","42.695638, -0.138992",1595.95,6.93,10,70,70,0,90,90,-8,-8,-8,319.958996075333,16.5,14.85,2,118.9,80.2,7.1,1654.6,12.7,16.6,81.133873,100.0100861,483.3919678,-1.05088,-2.0958,1,3,18,6.90261518624637,2,1.97003009073314
"OOTA06","OOTA","O","42.69483, -0.140346",1597.22,6.71,0,5,5,0,100,100,-40,-40,-40,395.931950423468,6.3,6.3,3,110.2,73,7,1654.6,12.6,16.6,81.133873,100.0100861,483.3919678,-0.90347,-1.85521,2,2,19,6.55331301138723,2,2
"OOTA07","OOTA","O","42.694786, -0.140324",1598.07,7.098,0,75,75,0,80,100,-7,-7,-7,314.972149985414,7.6,6.08,1,110.2,73,7,1654.6,12.6,16.6,81.133873,100.0100861,483.3919678,-0.90347,-1.85521,1,3,22,6.91783065586674,5,2.43081837323153
"OOTA08","OOTA","O","42.694452, -0.138782",1597.71,6.71,0,5,5,0,100,100,-40,-40,-40,395.931950423468,9.5,9.5,2,118.9,80.2,7.1,1654.6,12.7,16.6,81.133873,100.0100861,483.3919678,-1.05088,-2.0958,2,2,18,6.56092326794434,3,2.62469033904626
"OOTA09","OOTA","O","42.695036, -0.137376",1594.65,6.71,2,1,1,0,97,98,-50,-50,-50,395.931950423468,6.7,6.499,2,118.9,80.2,7.1,1650.8,12.7,16.6,81.133873,100.0100861,483.3919678,-1.04842,-2.08873,2,2,14,5.8788075401605,1,1
"OOTA10","OOTA","O","42.695375, -0.136949",1593.46,6.515,0,60,60,0,95,100,-10,-10,-10,546.893383253149,7.6,7.22,1,123.1,85.4,7,1650.8,12.6,16.6,81.133873,100.0100861,483.3919678,-1.18559,-2.19839,1,1,16,6.0137310159278,6,2.03464399366668
"OOTS01","OOTS","O","42.69402168879857, -0.16852769244412483",1882.92,6.853,2,85,85,0,97,98,-10,-5,-7.5,590.951041801711,18.1,17.557,2,111.2,69.7,5.7,1505.6,11.5,15.7,76.8757629,97.3456039,431.4558105,-1.84163,-0.90129,2,1,21,9.98853749396277,4,1.48953443570601
"OOTS02","OOTS","O","42.693669, -0.172575",1908.13,6.329,0,50,50,0,98,100,-20,-15,-17.5,231.836384129631,11.8,11.564,1,116.7,75.7,5.5,1499.9,11.3,15.5,76.8757629,97.3456039,431.4558105,-2.06329,-1.00305,2,1,17,4.07032671368852,6,2.63485156111827
"OOTS03","OOTS","O","42.693619, -0.172206",1905.88,6.26,0,15,15,0,100,100,-50,-30,-40,225.808210235024,23.8,23.8,2,116.7,75.7,5.5,1499.9,11.3,15.5,76.8757629,97.3456039,431.4558105,-2.06329,-1.00305,2,4,23,8.69514146534177,3,1.5183610185529
"OOTS04","OOTS","O","42.692624, -0.171736",1875.56,6.48,1,70,70,0,99,99,-30,-30,-30,779.884435238603,16.6,16.434,4,117.2,76.3,5.6,1265.2,11.4,15.6,76.8757629,97.3456039,431.4558105,-1.87558,-0.60655,2,2,19,8.99100053252154,3,1.21887174954129
"OOTS05","OOTS","O","42.692798, -0.171778",1875.91,6.413,0,90,90,0,100,100,-9,-4,-6.5,422.865157925008,19.2,19.2,3,117.2,76.3,5.6,1265.2,11.4,15.6,76.8757629,97.3456039,431.4558105,-1.87558,-0.60655,2,1,9,2.73815880918288,9,3.96786509754184
"OOTS06","OOTS","O","42.693159, -0.171442",1878.67,6.619,5,0,0,0,95,95,-2,1,-0.5,500.91608773828,24.4,23.18,2,113.8,72.6,5.7,1499.9,11.5,15.6,76.8757629,97.3456039,431.4558105,-1.91676,-0.96776,2,0,6,3.20319009628012,0,0
"OOTS07","OOTS","O","42.693283, -0.171256",1879.31,6.245,0,60,60,0,100,100,-25,-25,-25,393.801470327136,15.9,15.9,3,113.8,72.6,5.7,1499.9,11.5,15.6,76.8757629,97.3456039,431.4558105,-1.91676,-0.96776,2,0,15,6.62020017944863,0,0
"OOTS08","OOTS","O","42.693825, -0.173152",1924.59,7.366,9,85,85,0,88,91,-10,-2,-6,490.984974621294,12.4,10.912,0,116.7,75.7,5.5,1659.3,11.3,15.5,76.8757629,97.3456039,431.4558105,-2.16668,-1.29962,6,2,14,6.71225537131536,2,1.35293700284448
"OOTS09","OOTS","O","42.693621, -0.172524",1906.18,6.753,0,10,10,0,100,100,-4,-2,-3,429.938365280058,15.8,15.8,5,116.7,75.7,5.5,1499.9,11.3,15.5,76.8757629,97.3456039,431.4558105,-2.06329,-1.00305,1,4,17,5.86877226217332,1,1
"OOTS10","OOTS","O","42.693621, -0.166425",1865.12,6.942,4,70,70,0,95,96,-4,0.5,-1.75,696.960113546116,14.2,13.49,4,110.3,68.5,5.8,1538.8,11.6,15.7,77.3888931,97.207634,432.8716736,-1.78292,-0.98471,1,2,12,4.4467798733323,2,2
"OPON01","OPON","O","42.700296, -0.118329",1357.62,7.053,17,80,80,0,75,83,-14,-1,-7.5,850.969109465217,4.85,3.6375,5,113.5,75.7,8,1397.6,13.4,17.3,84.5707016,102.4042892,520.3145752,0.01693,-1.92871,1,1,16,6.90827451293158,3,1.07714492243054
"OPON02","OPON","O","42.700401, -0.118631",1359.84,7.96,0,30,30,0,99,100,-18,-18,-18,788.996173291095,4.59090909090909,4.545,4,113.5,75.7,8,1397.6,13.4,17.3,84.5707016,102.4042892,520.3145752,0.01693,-1.92871,1,1,18,6.2630222964225,1,1
"OPON03","OPON","O","42.700474, -0.118806",1358.85,7.84,25,70,70,0,70,75,-7,2,-2.5,655.9949554152,10.9,7.63,5,113.5,75.7,8,1439.6,13.4,17.3,84.5707016,102.4042892,520.3145752,-0.01031,-2.00686,1,1,20,9.46120555482976,1,1
"OPON04","OPON","O","42.700722, -0.118684",1356.48,7.62,10,70,70,0,85,90,-5,-5,-5,594.991628073113,3.9,3.315,4,107.7,72.2,8.1,1484.2,13.6,17.4,84.5707016,102.4042892,520.3145752,0.12887,-2.00061,1,1,18,6.24788628990233,2,1.04359148627454
"OPON05","OPON","O","42.701105, -0.119485",1359.59,8.363,10,0,0,0,90,90,0,0,0,335.998487047034,30.8,27.72,3,107.7,72.2,8.1,1484.2,13.6,17.4,84.5707016,102.4042892,520.3145752,0.12887,-2.00061,2,0,12,5.39451944862478,0,0
"OSOA01","OSOA","O","42.640131, 0.002598",1751.1,6.85,5,65,65,0,95,95,-10,3,-3.5,391.950702439693,16.1,15.295,3,116.5,77.3,6.5,1906.6,11,14.9,74.3995209,96.2854385,396.4211731,-2.6582,-1.69795,1,1,15,7.57705472068104,2,1.16182834482
"OSOA02","OSOA","O","42.640463, 0.004569",1736.12,7.154,18,7,7,0,82,82,-5,3,-1,336.975519210085,4.6,3.772,5,137.2,91.1,6.3,1629.9,10.8,14.7,74.3995209,96.2854385,396.4211731,-2.96061,-1.59203,2,2,14,7.96406843822475,3,1.53088875019617
"OSOA03","OSOA","O","42.641052, 0.005316",1736.84,7.08,4,60,60,0,96,96,-2,2,0,616.970971444389,5.8,5.568,4,137.2,91.1,6.3,1629.9,10.8,14.7,74.3995209,96.2854385,396.4211731,-2.96061,-1.59203,1,1,20,8.10973836971382,6,3.67380703638397
"OSOA04","OSOA","O","42.642657, 0.009207",1740.61,7.005,5,30,30,0,95,100,-25,-20,-22.5,402.965499496996,3.55,3.3725,5,158.6,103.7,6.1,1607.2,10.5,14.4,79.8528748,98.7569504,470.7503357,-2.77183,-2.40614,1,1,23,11.5404655882511,4,1.26837431088831
"OSOA05","OSOA","O","42.643083, 0.010019",1741.9,6.933,2,85,85,0,95,96,-15,-9,-12,579.959278344365,3.75,3.5625,5,158.6,103.7,6.1,1607.2,10.5,14.4,79.8528748,98.7569504,470.7503357,-2.77183,-2.40614,1,1,21,9.47303713203243,1,1
"OSOA06","OSOA","O","42.643254, 0.009673",1741.77,6.903,1,60,60,0,98,99,-15,-9,-12,573.956365959845,7.25,7.105,4,140.4,99.8,6.6,1607.2,10.9,14.8,79.8528748,98.7569504,470.7503357,-2.32131,-2.25804,1,1,27,11.9348490084581,5,1.95995324126432
"OSOA07","OSOA","O","42.641999, 0.006005",1740.76,6.8,2,65,65,0,95,98,-7,-1,-4,613.944687227583,13,12.35,1,118.7,78.1,6.5,1557.5,10.9,14.8,76.5956192,97.0619125,433.3230896,-2.2039,-1.29762,1,1,19,5.34009588171028,7,3.66387900818418
"OSOA08","OSOA","O","42.640507, 0.0048",1735.66,7.73,5,45,45,0,85,95,-28,-28,-28,146.793501315893,6.3,5.355,2,137.2,91.1,6.3,1629.9,10.8,14.7,74.3995209,96.2854385,396.4211731,-2.96061,-1.59203,1,1,19,8.9444428609749,4,2.50143672455645
"OSOA09","OSOA","O","42.642792, 0.008902",1740.63,6.96,10,15,15,0,90,90,-30,-30,-30,470.711732910955,5.8,5.22,5,136.5,90.4,6.4,1607.2,10.7,14.7,79.8528748,98.7569504,470.7503357,-2.24883,-2.007,1,2,27,8.79623214792221,5,4
"OSOA10","OSOA","O","42.642897, 0.008229",1741.6,7.3,10,5,5,0,90,90,1,1,1,167.682508565546,7.4,6.66,3,136.5,90.4,6.4,1607.2,10.7,14.7,76.5956192,97.0619125,433.3230896,-2.63734,-1.7585,2,2,9,3.44020705092982,1,1
"OCAT11",NA,NA,NA,NA,NA,NA,NA,NA,NA,NA,NA,NA,NA,NA,NA,NA,NA,NA,NA,NA,NA,NA,NA,NA,NA,NA,NA,NA,NA,6,0,1,1,0,0
